DATE,MAX_TEMPERATURE_C,MIN_TEMPERATURE_C,VITESSE_VENT_MAX_KMH,TEMPERATURE_MATIN_C,TEMPERATURE_MIDI_C,TEMPERATURE_SOIREE_C,PRECIP_TOTAL_DAY_MM,HUMIDITE_MAX_POURCENT,VISIBILITE_MOYENNE_KM,PRESSION_MAX_MB,COUVERTURE_NUAGEUSE_MOYENNE_PERCENT,INDICE_CHALEUR_MAX_C,POINT_ROSEE_MAX_C,TEMP_VENT_MAX_C,CODE_METEO_MATIN,CODE_METEO_MDI,CODE_METEO_SOIR,NEIGE_TOTAL_MM,UV_INDEX,SOLEIL_HEURE
2019-03-07,13,9,30,9,10,9,4.1,81,8.125,1012,59.375,13,7,5,296,293,116,0,1,10.1
2019-03-08,12,7,16,5,10,9,0.8,80,7.5,1023,33.125,12,5,4,176,116,116,0,1,11.3
2019-03-09,10,7,27,7,9,8,7.1,88,8.5,1024,81.25,11,9,4,266,176,296,0,1,5.7
2019-03-10,12,11,30,12,11,9,6.3,86,7.75,1026,92.25,12,10,8,296,266,353,0,1,5.7
2019-03-11,7,5,30,4,6,5,3.2,78,9.875,1032,60.5,7,2,0,116,353,176,0,1,5.7
2019-03-12,11,3,25,-0,8,10,1,74,9.875,1033,42.75,11,3,-0,116,116,116,0,1,10.1
2019-03-13,9,5,25,2,8,7,4.8,82,9.625,1021,64.75,9,4,0,116,353,353,0,1,8.8
2019-03-14,7,6,29,4,7,6,15.4,88,8.5,1023,97.875,8,8,2,122,296,302,0,1,5.9
2019-03-15,11,10,21,10,11,10,2.2,90,7.5,1022,94.125,11,9,8,296,266,122,0,1,6
2019-03-16,14,9,20,8,11,12,0.3,83,10,1023,57.5,14,8,7,353,176,113,0,1,8.8
2019-03-17,10,9,30,5,10,7,0.3,78,16,1019,37,10,6,6,116,116,176,0,1,8.8
2019-03-18,9,4,15,1,8,6,0.7,83,16.5,1025,66.5,9,3,2,143,122,176,0,1,6
2019-03-19,10,5,16,1,9,8,0,84,10.25,1031,15.875,11,2,2,116,116,116,0,1,11.6
2019-03-20,12,5,20,1,10,10,0,67,10,1033,6.375,13,3,2,116,116,116,0,1,11.6
2019-03-21,13,6,17,2,11,12,0,65,10,1033,11.75,15,3,3,116,116,113,0,1,11.6
2019-03-22,17,8,8,4,13,16,0,75,10,1031,2,18,7,7,113,113,116,0,1,11.6
2019-03-23,17,10,12,6,15,16,0,71,10,1030,4.5,17,8,10,116,113,113,0,1,11.6
2019-03-24,15,10,13,6,14,14,0,80,10,1027,4,15,7,9,113,116,113,0,1,11.6
2019-03-25,9,7,23,3,9,7,0.4,71,9,1029,38.25,9,5,4,116,116,176,0,1,8.9
2019-03-26,11,5,22,2,9,8,0,75,10,1031,11.25,11,3,1,116,116,116,0,1,11.6
2019-03-27,12,5,22,1,10,10,0,75,10,1032,7.375,12,5,2,116,116,116,0,1,11.6
2019-03-28,14,7,19,3,12,11,0,72,18.375,1033,15,14,6,4,116,116,116,0,1,11.6
2019-03-29,15,7,12,4,12,13,0,82,19.875,1030,13.5,15,7,6,116,116,116,0,1,11.6
2019-03-30,16,9,8,4,14,14,0,68,20,1027,13.125,17,7,8,116,116,116,0,1,11.6
2019-03-31,18,10,11,6,15,15,0,66,11.25,1023,18.25,18,8,11,116,116,116,0,1,11.6
2019-04-01,18,11,15,8,16,15,0,76,10,1018,25.25,18,9,9,113,116,116,0,1,10.3
2019-04-02,14,11,19,7,14,11,4.8,82,9.875,1014,87.875,14,10,9,119,353,296,0,1,6.5
2019-04-03,7,6,15,7,7,6,22.7,94,7.375,1008,96.875,7,6,4,296,302,302,0,1,6.5
2019-04-04,8,4,9,3,6,6,9.1,90,7.75,1006,80.25,8,3,2,317,317,353,0,1,6.5
2019-04-05,12,5,12,0,10,10,0,81,9,1007,27,12,5,2,116,116,119,0,1,10.3
2019-04-06,15,8,10,2,12,13,0.1,72,10,1003,54,15,6,7,116,122,116,0,1,9.1
2019-04-07,9,8,12,6,9,8,13.2,92,7.875,1010,93,9,7,6,296,296,296,0,1,6.5
2019-04-08,12,8,6,5,11,11,4.5,90,7.25,1012,81,12,8,7,143,122,353,0,1,6.6
2019-04-09,16,10,5,5,14,15,0.4,81,9.875,1012,43.25,16,8,10,116,116,176,0,1,9.1
2019-04-10,14,10,17,5,14,11,4,82,8.875,1013,49.25,14,9,8,143,116,353,0,1,7.9
2019-04-11,13,8,24,5,12,10,2.3,77,9.875,1019,51.5,13,6,5,116,116,119,0,1,13.2
2019-04-12,12,6,19,2,10,9,0,70,10,1021,4.625,12,4,3,113,113,116,0,1,13.7
2019-04-13,8,5,17,1,8,6,0,65,10,1022,26.25,8,0,1,116,116,116,0,1,13.7
2019-04-14,9,4,16,-1,8,7,0,58,10,1023,11,9,1,0,116,113,116,0,1,13.7
2019-04-15,14,6,18,1,11,12,0,73,10,1023,11.5,14,7,3,116,116,116,0,1,13.8
2019-04-16,10,9,19,7,10,9,5.6,92,9.5,1020,71.625,12,10,6,116,293,296,0,1,8.6
2019-04-17,17,10,7,6,14,14,0.4,90,7.75,1022,50.75,17,10,10,143,122,116,0,1,12.2
2019-04-18,19,13,8,9,17,18,0,78,10,1020,29.625,19,13,13,116,116,116,0,1,13.3
2019-04-19,21,14,10,10,19,21,1.3,72,9.875,1025,24.125,23,11,14,116,116,116,0,1,13.9
2019-04-20,21,15,13,10,19,18,6.9,75,9.625,1026,52.875,21,13,14,176,116,176,0,1,12.2
2019-04-21,20,15,8,11,18,18,0,74,10,1022,36,20,13,15,122,116,116,0,1,13.3
2019-04-22,21,15,14,12,19,18,0,82,10,1013,34.375,23,14,14,116,122,116,0,1,12.2
2019-04-23,18,14,18,11,17,16,0.8,87,7.75,999,51,18,13,12,116,266,116,0,1,11.1
2019-04-24,15,13,32,11,15,10,4.1,81,9.375,1005,58.75,15,12,11,116,122,293,0,1,9.9
2019-04-25,13,11,16,10,13,9,21.5,91,6.75,1011,82.25,13,10,9,266,266,302,0,1,8.8
2019-04-26,14,9,13,5,13,12,14.4,85,7.625,1020,82.375,14,9,7,266,116,353,0,1,10
2019-04-27,11,8,24,7,10,9,3.1,93,6.625,1025,86.25,11,8,5,353,266,353,0,1,8.8
2019-04-28,9,7,18,4,9,8,7.4,84,7.25,1025,63,9,7,4,143,176,353,0,1,11.1
2019-04-29,12,6,13,3,10,12,2.2,89,7.875,1025,67.625,12,8,5,143,176,353,0,1,10
2019-04-30,14,11,19,6,14,13,0.3,83,9,1023,47.375,14,10,9,143,119,176,0,1,10
2019-05-01,17,11,11,6,16,16,0,78,8,1020,2.125,17,10,10,143,113,113,0,1,14.3
2019-05-02,12,11,16,10,11,11,9.5,93,8.25,1014,79.375,12,10,9,119,389,353,0,1,8.9
2019-05-03,14,9,12,7,11,13,2.3,92,7.875,1015,59.875,14,9,7,263,176,116,0,1,11.2
2019-05-04,10,7,23,6,10,6,4.4,87,9.625,1017,61.75,10,7,3,116,116,296,0,1,11.2
2019-05-05,10,6,27,1,9,8,1.7,69,9.875,1022,43.125,10,4,1,116,116,176,0,1,12.3
2019-05-06,11,7,12,2,10,10,0.2,75,9,1024,55,11,5,4,143,116,176,0,1,12.3
2019-05-07,14,8,8,4,13,13,0,76,10,1023,47.375,14,8,7,116,116,116,0,1,12.3
2019-05-08,12,11,31,10,12,11,17.2,95,8.75,1012,88.75,12,11,9,296,296,302,0,1,9.3
2019-05-09,14,10,30,8,13,13,6.1,91,9.375,1011,76.625,14,10,7,296,353,176,0,1,10.3
2019-05-10,15,11,10,9,14,15,0.4,87,6.75,1013,69.875,15,12,10,143,122,176,0,1,9.3
2019-05-11,12,11,30,12,12,9,3.3,87,9.875,1024,64.125,12,11,8,353,176,353,0,1,10.4
2019-05-12,14,9,27,5,13,12,0.5,85,8.875,1032,37.125,14,7,7,116,176,116,0,1,12.4
2019-05-13,15,10,32,6,14,13,0,69,10,1033,11.875,15,8,7,113,116,116,0,1,14.5
2019-05-14,15,11,30,8,14,13,0,65,10,1030,6.375,15,8,8,116,116,113,0,1,14.5
2019-05-15,14,9,27,6,13,12,0,67,10,1025,6.625,14,7,6,116,116,116,0,1,14.5
2019-05-16,15,10,14,5,14,15,0,72,10,1020,7.125,15,11,8,116,116,116,0,1,14.5
2019-05-17,16,12,19,7,16,13,1.7,80,7.25,1009,53.875,16,12,11,116,119,266,0,1,11.5
2019-05-18,17,13,7,9,16,16,4.6,83,7.625,1006,76.5,17,13,13,143,116,353,0,1,9.5
2019-05-19,16,12,17,9,15,15,5.5,93,9.625,1007,87,16,14,10,119,200,353,0,1,9.7
2019-05-20,14,12,21,11,13,13,0.7,91,8.375,1013,85.125,14,11,10,143,176,176,0,1,9.7
2019-05-21,18,13,16,10,16,16,1.4,85,8.375,1018,66.75,18,13,12,143,119,176,0,1,10.7
2019-05-22,18,14,14,10,17,16,0.3,78,7.75,1021,22,18,12,14,143,116,113,0,1,14.5
2019-05-23,20,14,11,9,18,19,0,78,10,1022,25.75,20,14,14,116,116,116,0,1,14.5
2019-05-24,21,17,11,12,20,18,0.7,76,9.875,1017,54.125,23,15,16,116,116,176,0,1,13.6
2019-05-25,20,16,16,12,19,18,2.6,83,9.625,1018,66.375,20,14,16,116,176,176,0,1,11.7
2019-05-26,20,15,9,11,18,19,0.4,79,8,1019,31.375,20,14,15,143,116,116,0,1,14.5
2019-05-27,17,15,12,12,16,16,3,88,8.375,1016,74.5,17,15,15,116,353,353,0,1,10.8
2019-05-28,16,14,22,11,16,14,4.4,79,8.25,1016,64.625,16,11,12,296,176,176,0,1,11.7
2019-05-29,16,12,13,8,15,16,3.7,84,8.375,1025,60.75,16,12,11,143,176,176,0,1,10.8
2019-05-30,19,15,6,11,19,17,1,75,9.25,1027,42.75,19,15,15,116,116,176,0,1,11.7
2019-05-31,22,17,10,13,20,21,0,83,7.625,1028,15.875,25,17,17,143,116,116,0,1,14.5
2019-06-01,24,19,8,15,23,24,0,80,8,1025,4.375,26,19,19,143,116,116,0,1,14.5
2019-06-02,26,20,12,17,24,25,0.1,81,10,1020,9.125,28,19,20,113,113,116,0,1,14.5
2019-06-03,24,21,12,17,24,22,5.4,84,9.5,1017,76.375,25,18,21,386,176,353,0,1,9.9
2019-06-04,26,21,22,16,25,23,6.2,81,9.5,1015,40.125,28,19,21,176,116,116,0,1,13.6
2019-06-05,24,18,17,16,22,23,6.9,85,9.5,1009,42.375,25,18,18,116,116,116,0,1,14.5
2019-06-06,17,12,11,10,15,16,0.2,82,10,1016,49,17,12,11,176,122,116,0,1,11.8
2019-06-07,20,16,33,11,20,11,1.1,71,9.375,1018,27,20,13,14,116,116,263,0,1,13.6
2019-06-08,19,13,16,8,17,19,0,76,10,1025,8,19,12,12,113,116,116,0,1,14.5
2019-06-09,19,15,12,11,18,19,0.2,76,17,1025,35.875,19,16,15,116,116,116,0,1,14.5
2019-06-10,16,14,14,14,16,12,15.1,95,7.875,1017,79.25,16,15,12,353,353,302,0,1,10
2019-06-11,12,11,8,10,12,10,7.7,92,9,1014,77.875,13,10,11,116,296,293,0,1,10
2019-06-12,18,14,18,11,17,17,10.5,80,13,1014,51.25,18,13,13,302,116,176,0,1,13.6
2019-06-13,22,15,13,10,19,21,0,74,20,1016,5.75,23,15,15,116,116,116,0,1,14.5
2019-06-14,18,17,12,14,17,18,4.7,90,19.25,1015,62.625,18,17,17,119,116,293,0,1,11.8
2019-06-15,20,17,15,15,20,18,20.1,87,13.5,1020,89.625,20,16,17,296,122,356,0,1,10
2019-06-16,21,16,8,12,19,20,0.1,79,17.625,1024,20,21,15,16,116,116,116,0,1,14.5
2019-06-17,24,18,15,13,22,23,0,79,19.625,1021,12.875,25,18,18,116,113,116,0,1,14.5
2019-06-18,25,20,10,16,23,25,0,80,20,1017,19.25,27,18,20,116,116,116,0,1,14.5
2019-06-19,25,19,13,15,23,22,3.2,72,11.5,1013,43.375,26,19,19,176,116,386,0,1,14.5
2019-06-20,21,18,15,15,21,19,2,79,8.75,1017,61,23,17,18,143,119,176,0,1,10.9
2019-06-21,21,18,17,14,21,18,3,83,9,1018,59.875,23,17,18,143,116,353,0,1,12.7
2019-06-22,21,16,11,14,18,21,11.2,92,9,1018,81,23,18,15,353,353,353,0,1,10
2019-06-23,25,19,11,15,23,24,0.3,81,7.625,1017,24.375,26,19,19,143,116,116,0,1,14.5
2019-06-24,28,23,8,18,27,27,0,79,10,1017,8.5,30,21,23,116,116,113,0,1,14.5
2019-06-25,30,23,18,19,28,29,0,69,10,1020,24.5,33,23,23,116,116,116,0,1,14.5
2019-06-26,32,27,6,23,30,31,0,71,10,1022,3.75,36,24,27,113,116,116,0,1,14.5
2019-06-27,32,28,13,23,31,30,0,79,10,1022,0.875,38,25,28,113,113,113,0,1,14.5
2019-06-28,29,24,17,21,28,27,0,76,10,1022,0,32,22,24,113,113,113,0,1,14.5
2019-06-29,30,23,13,19,28,30,0,72,10,1019,0,33,21,23,113,113,113,0,1,14.5
2019-06-30,31,26,9,23,29,31,0,77,10,1018,9.25,37,25,26,113,116,116,0,1,14.5
2019-07-01,26,22,13,20,25,24,5.1,82,8,1020,64,27,20,22,386,200,200,0,1,10.9
2019-07-02,25,20,17,15,24,23,4.1,78,9.5,1021,28.5,26,17,20,116,116,116,0,1,14.5
2019-07-03,26,20,19,16,24,24,0,70,10,1019,23.75,27,18,20,116,116,116,0,1,14.5
2019-07-04,27,20,18,16,24,25,0,69,10,1020,6.125,27,18,20,116,116,113,0,1,14.5
2019-07-05,28,23,9,17,27,26,0,61,10,1019,0.5,28,16,23,113,113,113,0,1,14.5
2019-07-06,29,23,16,19,28,27,4.5,71,9.75,1016,59,31,19,23,176,116,386,0,1,11.8
2019-07-07,26,21,14,18,25,24,11.6,78,9,1015,57.875,27,17,21,386,176,116,0,1,11.8
2019-07-08,23,20,15,16,23,22,0.2,69,10,1018,54.375,25,15,20,119,116,176,0,1,10.8
2019-07-09,23,17,23,13,21,21,0,63,10,1018,3.5,25,11,16,116,116,116,0,1,14.5
2019-07-10,24,18,18,13,22,22,0,56,10,1019,4.875,25,11,17,116,116,116,0,1,14.5
2019-07-11,25,19,7,16,22,23,0.1,60,10,1017,35.625,25,13,19,116,116,116,0,1,14.5
2019-07-12,25,20,21,17,24,23,7.1,78,9.375,1017,72.875,26,16,20,353,176,176,0,1,9.9
2019-07-13,24,19,17,15,23,22,0.2,66,10,1019,36.25,25,13,19,116,176,116,0,1,12.6
2019-07-14,23,19,21,15,23,19,9.9,68,7.25,1018,48.625,25,15,19,143,116,176,0,1,11.7
2019-07-15,23,17,23,12,22,22,5.1,66,9.5,1017,22.375,25,13,17,116,116,116,0,1,14.5
2019-07-16,26,19,12,14,24,24,0,63,10,1018,16.375,26,13,19,113,113,116,0,1,13.6
2019-07-17,27,21,12,16,26,25,0,57,10,1017,11.25,26,12,21,113,116,116,0,1,14.5
2019-07-18,26,22,14,18,26,24,0.1,55,10,1016,40.625,27,15,22,119,116,176,0,1,13.5
2019-07-19,26,21,9,16,24,26,0.4,72,10,1018,41.25,27,15,21,116,176,116,0,1,12.5
2019-07-20,30,23,21,18,28,27,2,57,10,1017,28.75,30,18,23,116,116,116,0,1,13.5
2019-07-21,28,23,10,19,27,26,3.5,69,9.875,1023,39.25,28,17,23,176,116,116,0,1,13.5
2019-07-22,30,24,10,18,28,28,0,66,10,1024,3.875,30,17,24,116,116,116,0,1,14.5
2019-07-23,33,24,8,19,30,32,0,62,10,1022,28.75,33,17,24,116,122,116,0,1,13.5
2019-07-24,37,28,8,22,35,35,0,58,10,1016,4.75,38,19,28,116,116,116,0,1,14.5
2019-07-25,36,28,11,24,33,34,0,51,10,1016,7.375,36,17,28,116,116,116,0,1,14.5
2019-07-26,33,25,12,20,31,31,10.5,68,9.25,1012,34.25,33,19,25,356,116,116,0,1,13.5
2019-07-27,23,20,17,20,23,22,19.7,87,7.875,1007,76.25,25,19,20,353,356,356,0,1,9.4
2019-07-28,22,15,21,16,18,22,7.4,88,8.125,1012,71.375,23,15,15,176,266,116,0,1,10.4
2019-07-29,26,20,8,15,24,25,0,58,10,1013,19.625,26,14,20,116,116,116,0,1,14.5
2019-07-30,25,21,15,17,25,23,0.1,60,10,1018,31.375,26,14,21,116,116,116,0,1,14.5
2019-07-31,24,18,12,14,22,22,0,61,10,1021,14.75,24,12,17,116,113,116,0,1,14.5
2019-08-01,27,19,11,14,24,25,0,56,10,1020,14.875,26,11,19,116,116,116,0,1,14.5
2019-08-02,26,22,13,17,25,25,0.3,58,10,1018,28,26,13,22,116,116,116,0,1,14.5
2019-08-03,27,21,12,16,25,25,0,59,10,1018,13,26,13,21,116,116,116,0,1,14.5
2019-08-04,31,22,8,16,28,29,0,59,10,1017,16.375,30,13,22,116,116,116,0,1,14.5
2019-08-05,30,24,15,19,28,28,0.5,54,9.875,1015,33.375,30,15,24,116,116,116,0,1,14.5
2019-08-06,30,23,13,19,28,28,4.7,71,9.75,1014,56.625,30,17,23,353,116,116,0,1,13.5
2019-08-07,22,19,10,18,20,21,25.5,94,8,1013,79.625,23,19,19,116,356,356,0,1,9.2
2019-08-08,28,21,10,17,25,26,0.1,69,10,1014,23.25,28,15,21,116,116,116,0,1,14.5
2019-08-09,32,25,22,19,31,30,1.6,64,9.875,1013,40.75,33,19,25,116,116,116,0,1,13.4
2019-08-10,26,20,19,17,25,24,2.9,75,10,1019,34.625,26,18,20,176,116,116,0,1,14.5
2019-08-11,20,16,21,18,20,13,5.9,77,8.875,1020,50.625,22,12,16,119,116,299,0,1,12.3
2019-08-12,22,17,7,14,21,20,1.8,77,8.625,1020,37,25,13,17,143,116,353,0,1,13.4
2019-08-13,21,16,13,12,20,20,0,65,10,1022,25,23,11,16,116,116,116,0,1,13.4
2019-08-14,24,19,5,13,23,22,0,51,10,1022,12.875,25,10,19,116,116,116,0,1,14.2
2019-08-15,23,20,22,16,22,21,0.1,63,10,1021,43.25,25,12,20,122,176,116,0,1,14.2
2019-08-16,25,19,9,15,23,23,0,69,10,1022,27.5,26,13,19,116,116,116,0,1,14.1
2019-08-17,23,22,15,17,23,21,0.2,57,10,1015,45.875,25,14,22,116,116,176,0,1,12.2
2019-08-18,29,24,21,18,28,28,2.8,60,9.875,1014,39.25,30,18,24,116,116,386,0,1,12.2
2019-08-19,25,19,12,16,23,22,2.5,72,9.875,1020,39.875,25,16,19,176,116,116,0,1,13.4
2019-08-20,18,17,8,14,18,16,1.3,67,8.75,1027,48,18,12,17,116,116,263,0,1,12.2
2019-08-21,25,17,22,11,22,23,0,65,10,1028,24,25,10,16,116,116,116,0,1,13.3
2019-08-22,27,18,14,13,24,25,0,62,10,1024,3,28,12,18,113,113,113,0,1,14
2019-08-23,28,20,16,14,26,26,0,68,10,1024,2.5,28,13,19,116,113,113,0,1,13.9
2019-08-24,31,20,5,14,27,29,0,71,9,1021,7.125,30,14,20,143,113,113,0,1,13.9
2019-08-25,32,23,4,17,30,31,0,61,10,1019,16.125,32,15,23,119,113,116,0,1,13.9
2019-08-26,31,23,7,18,29,29,0,57,10,1019,1.75,30,14,23,113,113,116,0,1,13.8
2019-08-27,31,23,13,18,28,30,0,57,9.875,1017,31,32,15,23,122,116,200,0,1,13.8
2019-08-28,30,23,8,18,28,29,3.9,67,9.375,1017,49.375,31,17,23,176,116,116,0,1,12.1
2019-08-29,27,22,10,19,25,24,5.9,75,9.5,1022,60.5,27,18,22,176,119,116,0,1,10.9
2019-08-30,29,22,14,16,27,27,0,63,10,1023,7.75,29,14,22,116,116,116,0,1,13.7
2019-08-31,31,23,16,18,29,28,0,67,10,1019,13.25,31,16,23,113,116,116,0,1,13.7
2019-09-01,23,20,15,17,23,20,1.6,71,9.875,1019,65.25,25,15,20,176,119,176,0,1,8.5
2019-09-02,23,17,20,12,22,20,0,52,10,1024,8.5,24,9,17,116,116,116,0,1,13.2
2019-09-03,25,17,13,12,23,23,0,49,10,1026,4.875,24,6,17,116,116,116,0,1,11.6
2019-09-04,27,19,15,13,25,25,0,57,10,1023,6.625,26,10,20,113,116,116,0,1,11.6
2019-09-05,20,14,20,11,18,18,1.7,70,9.875,1024,55.5,20,11,14,176,116,116,0,1,11.6
2019-09-06,21,14,18,9,20,18,0,63,10,1025,33.625,24,7,14,116,116,116,0,1,11.6
2019-09-07,20,16,14,12,20,16,4.9,54,9.5,1023,59.875,20,11,16,119,116,353,0,1,9.1
2019-09-08,16,10,17,8,13,13,0.8,90,8.75,1021,61.75,16,9,9,116,122,176,0,1,6.5
2019-09-09,19,12,9,7,17,16,0,65,10,1020,34.625,19,6,12,116,116,116,0,1,11.6
2019-09-10,22,14,15,9,20,19,0,57,10,1019,26.25,24,6,13,116,116,116,0,1,11.6
2019-09-11,21,16,13,11,21,18,0,51,10,1028,37.75,22,7,16,116,116,116,0,1,10.3
2019-09-12,26,18,10,12,24,25,0,49,10,1031,6.5,26,12,18,116,116,113,0,1,11.6
2019-09-13,26,20,17,15,25,25,0,73,9,1032,7.125,27,15,20,143,116,113,0,1,11.6
2019-09-14,27,19,14,15,25,27,0,80,10,1030,40.25,29,15,18,116,116,116,0,1,10.3
2019-09-15,30,21,6,15,28,28,0,74,7,1026,18.875,31,16,21,143,116,116,0,1,11.6
2019-09-16,20,0,13,0,0,0,0,62,10,1022,8.375,29,14,22,116,116,116,0,1,11.6
2019-09-17,25,19,17,14,25,22,0,66,10,1020,19.875,26,13,19,116,116,116,0,1,11.6
2019-09-18,22,15,24,11,20,20,0,65,10,1022,3.75,24,8,14,116,116,116,0,1,11.6
2019-09-19,21,13,25,9,19,19,0,52,10,1024,0.25,22,3,12,116,113,113,0,1,11.6
2019-09-20,23,13,14,8,19,21,0,51,10,1025,0,24,7,12,113,113,113,0,1,11.6
2019-09-21,26,17,23,11,25,24,0,68,10,1019,13.875,26,12,17,116,116,116,0,1,11.6
2019-09-22,22,19,19,16,22,20,12.5,85,8.875,1013,63.375,25,16,19,296,116,356,0,1,10.2
2019-09-23,18,14,12,11,17,18,8.4,83,7.375,1019,64.25,20,12,14,143,122,176,0,1,7.4
2019-09-24,15,13,28,11,14,15,1.3,86,9.25,1019,49.875,15,13,11,116,296,263,0,1,7.4
2019-09-25,19,15,25,12,18,16,0.5,79,9.875,1013,67.25,19,12,15,176,176,116,0,1,7.4
2019-09-26,20,16,23,15,18,17,2,93,8.75,1017,79.75,20,15,15,296,176,119,0,1,7.4
2019-09-27,19,16,24,14,17,17,0.2,76,10,1017,60.25,19,13,16,119,176,176,0,1,7.4
2019-09-28,19,14,19,11,18,15,0,74,10,1021,27.25,19,11,14,116,116,116,0,1,11.6
2019-09-29,24,15,28,10,22,21,0.1,66,9.875,1018,20.75,25,13,15,116,116,116,0,1,11.6
2019-09-30,21,14,12,11,18,19,0.1,78,9,1018,27.125,21,13,14,116,116,116,0,1,11.6
2019-10-01,17,15,18,12,17,16,16.2,89,9.375,1014,46,17,15,15,116,353,299,0,1,11.6
2019-10-02,16,14,24,13,16,13,2,87,10,1020,46.75,16,12,13,353,353,116,0,1,8.7
2019-10-03,15,9,9,5,13,12,0,70,10,1022,9.75,15,4,8,113,116,116,0,1,11.6
2019-10-04,16,10,23,8,14,14,1.4,79,8.875,1018,74.5,16,11,8,116,266,353,0,1,5.9
2019-10-05,15,13,9,11,15,14,3.9,90,8,1017,81.625,15,12,12,266,122,353,0,1,5.8
2019-10-06,15,14,15,12,15,13,3.2,88,9.75,1017,75.875,15,12,13,353,176,296,0,1,5.8
2019-10-07,14,11,7,9,12,12,0.9,89,8.875,1021,68.25,14,10,10,143,176,353,0,1,5.8
2019-10-08,20,12,22,10,17,18,1.3,79,9.875,1021,87.5,20,14,10,122,122,119,0,1,5.8
2019-10-09,14,12,21,12,12,11,4,87,9.25,1018,65.5,14,12,10,116,263,353,0,1,8.7
2019-10-10,17,12,18,10,15,15,0.2,82,10,1022,49,18,9,10,116,353,116,0,1,10.1
2019-10-11,19,12,19,9,17,17,0,80,9,1022,15,19,9,11,116,116,113,0,1,11.5
2019-10-12,20,15,23,12,19,18,1.5,83,9.125,1017,51.625,20,15,15,116,119,176,0,1,4.1
2019-10-13,23,19,34,16,22,20,1.3,67,9.75,1015,45.875,25,13,19,116,176,116,0,1,5.7
2019-10-14,23,17,34,13,22,21,0.1,69,9.875,1016,12.25,25,13,17,116,116,113,0,1,8.7
2019-10-15,16,12,17,14,13,11,33.6,92,8,1017,79.5,16,13,10,353,308,353,0,1,4.1
2019-10-16,18,11,21,7,16,15,0.1,78,9,1018,28.875,18,9,9,116,116,116,0,1,8.7
2019-10-17,13,12,15,11,13,13,8.1,93,5.625,1015,90,13,13,11,266,266,302,0,1,3.9
2019-10-18,17,13,21,11,16,14,0.6,86,7.625,1014,63.75,17,11,12,116,353,176,0,1,5.5
2019-10-19,14,13,15,13,14,14,18.3,94,8.625,1011,88.75,14,13,11,296,296,296,0,1,3.9
2019-10-20,17,14,22,13,16,15,23.2,87,7.875,1007,77.625,17,14,14,176,353,302,0,1,3.9
2019-10-21,13,12,11,11,13,11,16.9,85,6.375,1023,62.875,13,13,11,293,116,263,0,1,5.5
2019-10-22,17,12,22,11,15,14,5.9,93,8.625,1023,57.625,17,13,11,296,116,116,0,1,7.1
2019-10-23,18,13,12,10,17,16,0,86,7.75,1017,32.75,18,13,13,248,116,116,0,1,8.7
2019-10-24,18,14,21,12,17,14,1.3,86,8.375,1016,37,18,12,14,266,116,116,0,1,8.7
2019-10-25,18,12,8,9,16,15,0,86,8,1024,26.625,18,11,12,143,116,113,0,1,8.7
2019-10-26,18,11,16,8,16,15,0,89,7.875,1022,18.625,18,12,10,143,116,113,0,1,8.7
2019-10-27,17,14,7,11,17,14,2.1,80,9,1021,40.375,17,12,13,116,116,176,0,1,7.1
2019-10-28,13,10,10,11,10,10,9.3,95,6.625,1021,100,13,12,9,296,266,122,0,1,3.8
2019-10-29,10,9,14,9,10,9,1.1,91,7.5,1021,98.625,10,9,7,143,122,122,0,1,3.8
2019-10-30,11,9,5,7,11,11,7.3,91,7.625,1022,96,11,10,9,302,122,122,0,1,3.8
2019-10-31,10,8,7,6,10,10,1.3,91,3.5,1021,92,10,9,7,248,119,266,0,1,3.8
2019-11-01,11,5,28,10,11,10,7.4,93,6.625,1018,92.25,13,11,8,248,119,302,0,1,3.8
2019-11-02,16,13,25,13,16,13,5.7,91,8.625,1004,84.625,16,12,11,353,293,116,0,1,5.4
2019-11-03,13,11,35,11,13,10,11.8,91,8.5,994,91.25,13,10,8,176,296,296,0,1,3.7
2019-11-04,13,10,29,8,13,11,4.4,89,9,998,66.875,13,9,7,119,353,353,0,1,7
2019-11-05,12,9,21,7,11,9,1.7,80,9.875,1001,70.5,12,6,5,176,116,176,0,1,7
2019-11-06,10,8,13,7,9,8,0.6,84,7,1008,87.875,10,7,7,143,176,266,0,1,3.7
2019-11-07,9,7,25,6,9,6,4.5,91,9.5,1006,62.875,9,6,3,116,302,116,0,1,5.4
2019-11-08,9,5,7,2,8,6,0,84,9,1009,30.625,9,4,4,116,116,116,0,1,8.7
2019-11-09,9,5,11,2,8,5,0.1,83,9.375,1014,41.875,9,3,3,116,116,176,0,1,7
2019-11-10,8,5,15,4,7,6,0.7,89,7.5,1015,74.625,8,4,2,266,119,176,0,1,3.7
2019-11-11,8,3,19,2,6,7,0.7,88,9.875,1016,44.875,8,4,1,116,116,176,0,1,7
2019-11-12,7,3,21,1,7,6,1,91,8.875,1013,61,7,4,-1,143,116,176,0,1,3.6
2019-11-13,6,3,12,0,5,5,0.1,86,9.375,1008,66.375,6,4,0,116,122,176,0,1,3.6
2019-11-14,6,3,17,2,5,4,15.6,96,8,1003,99.625,6,5,-1,122,296,302,0,1,3.6
2019-11-15,6,4,19,3,6,3,6.4,94,6.875,1004,75.875,6,3,0,296,266,176,0,1,5.3
2019-11-16,6,1,13,0,4,4,0,94,6.125,1011,50.25,6,2,-2,248,122,116,0,1,5.3
2019-11-17,7,4,14,1,7,4,0.5,83,8,1011,56,7,3,1,116,116,266,0,1,5.3
2019-11-18,6,3,10,2,5,4,0.3,85,10,1016,87.875,6,2,1,122,176,176,0,1,3.6
2019-11-19,7,5,12,4,7,4,0.3,86,10,1019,69.125,7,3,3,122,116,176,0,1,8.7
2019-11-20,6,1,6,-1,5,4,0,88,9,1019,21,6,2,-1,116,116,116,0,1,8.7
2019-11-21,10,5,9,3,9,8,0.7,91,8.25,1011,64,10,6,5,143,116,119,0,1,8.7
2019-11-22,10,6,13,5,9,8,1.2,94,8.875,1008,75,10,6,4,119,119,116,0,1,5.2
2019-11-23,9,5,10,4,8,8,0.2,79,10,999,78.875,9,5,3,116,122,176,0,1,3.4
2019-11-24,10,8,6,6,10,8,0,89,10,1011,74.625,10,7,7,119,122,119,0,1,3.4
2019-11-25,10,7,10,5,9,9,0.1,88,7,1011,51.625,10,7,6,143,116,122,0,1,6.9
2019-11-26,11,8,15,6,10,10,0.2,88,6.375,1011,58.5,11,7,6,143,119,116,0,1,6.9
2019-11-27,11,9,27,9,10,10,3.2,88,8.5,1003,81.375,11,8,6,296,176,176,0,1,3.2
2019-11-28,11,9,26,9,11,9,3.4,87,9.125,1007,89.875,11,8,7,353,353,296,0,1,3.2
2019-11-29,9,7,17,8,9,8,8.8,87,8.875,1020,88.375,9,7,6,296,353,353,0,1,3.2
2019-11-30,7,4,13,4,7,5,0.8,89,9,1023,48.5,7,5,2,122,116,116,0,1,8.5
2019-12-01,7,6,9,6,7,6,13.4,97,6.125,1018,100,7,6,5,296,296,143,0,1,3.2
2019-12-02,4,3,23,3,4,2,0,84,9.625,1028,47.75,6,4,-2,122,116,113,0,1,6.9
2019-12-03,4,1,21,-1,4,1,0,86,10,1028,7,4,0,-4,116,116,113,0,1,8.4
2019-12-04,4,0,4,-1,4,1,0,83,10,1024,21.375,4,0,-0,116,116,116,0,1,8.4
2019-12-05,5,1,6,-1,5,2,0,72,10,1024,8.125,5,0,1,116,116,116,0,1,8.4
2019-12-06,6,2,15,-0,5,4,0.7,77,9.875,1024,48.625,6,3,-2,116,122,116,0,1,6.8
2019-12-07,8,6,12,5,8,7,1.5,93,8.875,1022,63,8,7,3,176,176,119,0,1,5
2019-12-08,10,7,30,6,10,10,0.5,88,9,1021,84,10,8,4,122,122,266,0,1,3.1
2019-12-09,7,4,30,7,7,6,7.3,85,9.125,1022,85.375,7,5,3,176,302,296,0,1,3.1
2019-12-10,5,2,4,1,5,3,0,90,10,1031,26,5,1,1,116,116,116,0,1,8.3
2019-12-11,4,2,17,2,3,4,9.1,93,7.5,1021,97.125,4,3,-2,122,296,302,0,1,3.1
2019-12-12,4,3,24,3,3,3,2.3,89,9.375,1011,70.25,4,2,-1,317,116,116,0,1,6.8
2019-12-13,6,3,37,6,6,5,14.3,81,9.375,1000,62.75,6,5,1,302,176,116,0,1,6.8
2019-12-14,9,8,20,8,8,8,8.1,93,8.5,1007,86.125,9,9,5,296,116,353,0,1,3.1
2019-12-15,10,9,27,10,10,9,16.6,92,8.5,1010,88.875,10,9,6,122,296,296,0,1,3.1
2019-12-16,12,9,27,8,12,11,0.3,87,9.125,1010,41.125,12,8,6,122,116,116,0,1,8.3
2019-12-17,13,10,16,10,12,10,0,74,10,1009,42,13,8,9,122,116,116,0,1,8.3
2019-12-18,11,9,7,9,10,10,8.5,93,7.625,1017,61.5,11,10,9,302,266,116,0,1,5
2019-12-19,13,8,28,7,12,11,0,88,10,1016,11.875,13,8,6,116,116,116,0,1,8.3
2019-12-20,13,9,47,11,10,8,5.7,88,8.5,1002,68.75,13,8,7,116,266,296,0,1,3.1
2019-12-21,9,7,21,5,9,8,4.1,93,7.125,998,69.5,9,6,4,143,266,116,0,1,5
2019-12-22,9,8,36,8,8,6,15.5,87,7.5,1003,88.625,9,7,4,266,302,176,0,1,3.1
2019-12-23,8,7,23,7,8,6,0.4,83,10,1023,57.25,8,5,3,353,116,353,0,1,6.8
2019-12-24,10,6,27,6,9,8,11.5,94,8.125,1023,75.875,10,8,2,266,302,176,0,1,3.1
2019-12-25,9,7,14,7,9,6,1,87,9,1027,72.375,9,6,5,353,176,176,0,1,3.1
2019-12-26,6,3,11,2,5,4,0.1,92,6.625,1028,61.75,6,6,2,143,122,122,0,1,5
2019-12-27,9,1,18,8,9,6,17.1,89,7.25,1033,82.25,9,7,6,296,299,176,0,1,3.1
2019-12-28,6,5,18,5,6,4,0,94,8.625,1036,49.375,6,5,1,119,116,116,0,1,8.3
2019-12-29,4,0,10,-1,3,2,0,76,10,1036,9.125,4,0,-3,116,116,116,0,1,8.3
2019-12-30,5,1,5,-0,4,4,0,68,10,1035,5,5,0,1,116,116,116,0,1,8.3
2019-12-31,5,1,5,0,5,3,0,88,10,1034,13.625,5,2,0,116,116,119,0,1,8.3
2020-01-01,5,1,7,-0,4,2,0,81,9.375,1033,17.375,5,1,-1,116,116,113,0,1,8.7
2020-01-02,5,2,12,1,4,3,0,87,7.625,1032,70.875,5,2,-1,143,122,119,0,1,3.3
2020-01-03,7,4,18,2,6,7,0.2,90,9.375,1030,94.875,7,6,0,122,122,119,0,1,3.3
2020-01-04,7,5,12,6,6,4,0.4,87,8,1037,41.75,7,6,2,143,116,116,0,1,8.7
2020-01-05,6,3,15,3,5,4,0,86,10,1038,23.375,6,2,0,116,116,116,0,1,8.7
2020-01-06,6,1,12,-1,4,4,0,95,6.625,1033,29.25,6,2,-1,260,119,113,0,1,6.9
2020-01-07,7,4,7,4,6,6,0.2,96,6.375,1032,66.375,7,5,2,176,143,116,0,1,3.3
2020-01-08,7,6,12,5,7,7,0.7,98,1.75,1031,95.875,8,7,3,143,266,266,0,1,3.3
2020-01-09,9,6,21,7,8,8,1,82,8.375,1028,70.125,9,7,3,119,116,116,0,1,6.9
2020-01-10,8,4,24,8,8,6,4.2,87,8.125,1031,91.875,8,6,4,122,353,176,0,1,3.3
2020-01-11,7,3,8,2,6,4,0,86,10,1034,23.625,7,3,1,116,116,116,0,1,8.7
2020-01-12,5,1,12,0,4,4,0,89,10,1031,43.625,5,2,-2,116,116,122,0,1,6.9
2020-01-13,7,4,12,3,6,5,0,90,10,1028,46.875,7,4,1,119,116,116,0,1,8.7
2020-01-14,9,5,27,4,8,9,0,86,10,1017,70.5,9,5,0,122,122,119,0,1,3.3
2020-01-15,11,7,34,6,10,10,0,80,10,1025,30.375,11,5,3,116,116,119,0,1,8.7
2020-01-16,10,6,14,4,9,8,0,91,10,1027,23.375,10,6,4,116,116,116,0,1,8.7
2020-01-17,8,7,20,6,8,6,9.5,91,9,1027,69.375,8,6,4,116,122,302,0,1,3.4
2020-01-18,6,2,9,1,5,3,0.1,93,9,1031,33.625,6,2,-1,116,116,116,0,1,8.7
2020-01-19,5,1,26,-0,4,3,0,85,10,1039,20.125,5,0,-4,116,116,116,0,1,8.7
2020-01-20,5,1,27,-0,4,2,0,80,10,1042,1.5,5,0,-5,116,113,113,0,1,8.7
2020-01-21,5,-1,10,-3,3,2,0,79,10,1041,6,5,0,-4,116,116,116,0,1,8.7
2020-01-22,5,-1,9,-2,4,2,0,80,10,1037,4,5,0,-4,116,116,116,0,1,8.7
2020-01-23,5,0,12,-1,4,2,0,60,10,1032,10.625,5,0,-4,116,116,116,0,1,8.7
2020-01-24,7,3,7,0,7,4,0,86,10,1026,17.375,7,4,1,116,116,116,0,1,8.7
2020-01-25,7,2,5,1,6,4,0,85,10,1023,29.375,7,3,2,116,116,116,0,1,8.7
2020-01-26,9,4,12,2,7,7,0,93,7.375,1020,53.375,9,6,2,143,116,116,0,1,8.7
2020-01-27,7,5,24,4,7,7,3.3,88,8.5,1020,81.875,7,6,2,116,122,266,0,1,3.5
2020-01-28,7,5,31,7,5,5,12.9,80,9.125,1012,83.375,7,6,0,353,299,176,0,1,3.5
2020-01-29,8,5,13,5,6,6,2.7,92,8,1021,84.125,8,5,2,266,353,176,0,1,3.5
2020-01-30,6,4,20,3,5,4,5.9,92,5.75,1021,69.875,6,7,1,143,116,302,0,1,5.2
2020-01-31,13,10,14,9,12,11,1.5,96,5.625,1018,87.875,13,10,7,266,122,176,0,1,3.5
2020-02-01,12,9,24,8,10,10,3.2,90,8.625,1020,64,12,10,6,116,119,266,0,1,3.5
2020-02-02,13,10,31,9,12,13,12.3,92,8.125,1021,97.875,13,12,6,266,302,353,0,1,3.5
2020-02-03,14,12,25,12,13,13,1.9,90,8.375,1024,92.5,14,11,9,176,266,176,0,1,3.5
2020-02-04,10,5,31,6,6,5,11.5,79,9.5,1028,79.75,12,8,0,302,176,176,0,1,3.5
2020-02-05,7,4,13,3,5,4,0.4,90,9.875,1037,57.875,7,3,1,176,122,113,0,1,5.3
2020-02-06,7,2,14,-0,5,4,0,70,10,1034,37.625,7,0,-2,122,116,116,0,1,8.7
2020-02-07,9,4,11,2,7,6,0,71,10,1028,2.5,9,1,4,113,113,113,0,1,8.7
2020-02-08,10,4,16,3,8,8,0,88,10,1025,26.25,10,5,2,116,116,116,0,1,8.7
2020-02-09,11,6,39,5,9,11,0.1,88,9.375,1025,53.625,11,6,2,116,116,116,0,1,8.7
2020-02-10,12,8,33,12,10,8,2.3,75,7.75,1019,85.875,12,9,6,296,176,122,0,1,5.4
2020-02-11,8,5,26,6,6,5,1,83,9.5,1023,62.5,9,5,1,176,176,353,0,1,3.8
2020-02-12,7,3,22,2,5,6,0.2,84,10,1025,61.875,7,2,-1,176,116,176,0,1,5.4
2020-02-13,9,3,33,2,7,7,11.2,84,8.75,1022,68.5,9,6,-1,116,116,302,0,1,5.3
2020-02-14,11,7,13,6,10,9,3.1,84,9.625,1027,76.75,11,5,5,353,176,119,0,1,5.3
2020-02-15,10,5,17,3,8,9,0,88,10,1027,38.75,10,6,2,122,116,113,0,1,10.6
2020-02-16,14,8,30,7,12,12,0,75,10,1023,35.875,14,8,4,116,116,116,0,1,10.6
2020-02-17,10,8,20,10,10,8,11.7,92,7.25,1027,81.75,10,8,5,122,302,266,0,1,5.3
2020-02-18,9,4,15,3,7,6,0.1,86,10,1033,39,9,3,2,116,116,176,0,1,10
2020-02-19,9,6,21,5,8,7,4.3,82,8.125,1028,90.25,9,4,3,266,293,353,0,1,5.3
2020-02-20,11,7,19,6,10,9,0.2,88,7.5,1027,64.875,11,5,4,122,116,116,0,1,10.7
2020-02-21,10,4,4,2,8,7,0.1,76,10,1033,21.625,10,4,4,116,116,116,0,1,10.8
2020-02-22,12,4,13,2,9,11,0,77,10,1033,12.75,13,4,2,116,116,116,0,1,10.8
2020-02-23,13,8,23,6,12,11,0,82,10,1033,76.25,13,8,5,122,122,116,0,1,7
2020-02-24,15,10,20,9,13,12,0,87,10,1030,41.75,15,9,9,122,116,116,0,1,10.9
2020-02-25,9,7,25,8,9,7,3.3,86,9.5,1017,75.125,9,7,4,119,296,296,0,1,7
2020-02-26,5,2,34,2,2,2,6.8,83,7.125,1016,77.375,5,3,-4,179,230,335,3,1,5.5
2020-02-27,7,2,42,1,3,6,2.6,91,8.875,1018,87.5,7,6,-4,122,338,296,0.1,1,5.5
2020-02-28,8,3,19,-0,6,7,0.1,79,9.875,1024,69.375,8,1,-1,116,122,119,0,1,5.5
2020-02-29,12,9,47,6,12,9,2.8,80,8,1012,70.875,12,7,5,176,116,293,0,1,8.6
2020-03-01,10,6,32,6,10,6,5.6,83,7.875,1006,88.875,10,6,2,176,263,389,0,2,5.5
2020-03-02,6,3,17,5,6,3,21.3,97,8.25,1003,83.125,6,5,2,116,302,302,0,2,5.6
2020-03-03,7,3,15,0,6,5,1.3,88,9,1012,61.375,7,2,-1,116,119,353,0,1,5.6
2020-03-04,8,3,13,0,6,6,0,89,9,1017,48.25,8,3,1,116,116,116,0,1,10.1
2020-03-05,9,7,35,6,8,8,19.5,96,8.625,1011,99.25,9,8,2,296,302,308,0,2,5.6
2020-03-06,7,5,21,4,7,5,2.9,84,9.75,1011,83.125,7,4,1,296,119,353,0,2,5.6
2020-03-07,8,4,9,1,7,6,0.2,80,10,1025,40.875,8,2,3,119,116,176,0,3,8.6
2020-03-08,11,4,19,2,8,9,0.5,88,9.875,1025,59.125,11,6,0,116,116,116,0,3,8.6
2020-03-09,9,6,16,6,8,6,3.6,87,9,1023,74.125,9,5,3,296,353,176,0,2,5.7
2020-03-10,7,5,27,5,7,6,17,97,8,1024,91,8,8,1,266,302,296,0,3,5.7
2020-03-11,15,10,19,9,13,13,0.4,94,10,1022,75.25,15,12,8,122,176,353,0,3,8.7
2020-03-12,14,12,24,10,14,12,0.3,83,10,1020,59.5,14,9,10,119,116,353,0,4,7.3
2020-03-13,10,6,10,3,9,7,0,75,10,1026,31.125,10,4,4,119,113,116,0,2,11.6
2020-03-14,11,6,5,4,9,9,0.1,78,10,1023,59,11,3,6,116,116,176,0,2,7.4
2020-03-15,14,7,26,4,11,13,0,80,10,1022,12.5,15,8,5,116,116,116,0,3,11.6
2020-03-16,15,8,18,4,13,12,0,77,10,1025,23.375,15,8,6,116,116,116,0,4,11.6
2020-03-17,16,10,8,7,14,13,0.4,86,9.875,1030,55,16,10,10,116,122,176,0,4,6
2020-03-18,18,11,8,8,15,17,0,85,10,1030,11.75,19,10,10,116,116,116,0,4,11.6
2020-03-19,18,11,6,7,16,15,0,87,8,1026,23.25,18,11,10,116,119,116,0,4,10.2
2020-03-20,17,11,5,9,15,16,0.7,81,9.875,1021,35.875,17,10,11,116,116,176,0,4,10.2
2020-03-21,12,9,22,7,11,11,1,90,8.75,1019,67.5,12,8,6,143,122,116,0,3,7.5
2020-03-22,11,7,30,4,10,9,0,79,10,1021,22.125,11,5,3,116,116,116,0,3,11.6
2020-03-23,9,3,26,-1,7,7,0,52,10,1025,0,9,0,-2,113,113,113,0,3,11.6
2020-03-24,9,2,29,-2,7,8,0,54,10,1027,0,10,0,-3,113,113,113,0,2,11.6
2020-03-25,9,2,22,-3,7,8,0,55,10,1024,2.75,10,0,-2,113,113,113,0,2,11.6
2020-03-26,9,2,14,-2,7,6,0,65,10,1016,6,9,0,-2,116,116,116,0,2,11.6
2020-03-27,11,4,9,-1,9,8,0,78,10,1017,20,11,4,2,116,116,119,0,3,11.6
2020-03-28,15,9,14,4,12,13,1.5,80,9.875,1019,44,15,9,9,116,116,176,0,4,9
2020-03-29,9,5,27,5,7,6,0.1,79,10,1023,67.625,9,7,1,116,122,122,0,2,6.4
2020-03-30,8,3,34,1,6,5,0,64,10,1023,31,8,0,-4,119,116,113,0,1,11.6
2020-03-31,10,3,27,-2,8,7,0,62,10,1024,0.625,10,0,-2,113,113,113,0,3,11.6
2020-04-01,12,3,9,-2,9,11,0,65,10,1023,0,13,1,0,113,113,113,0,3,11.6
2020-04-02,13,7,13,1,12,10,0,67,10,1017,7.125,13,3,7,113,113,116,0,3,11.6
2020-04-03,11,6,9,1,10,9,0,70,10,1020,52.875,11,4,5,116,119,116,0,3,7.8
2020-04-04,15,7,15,2,12,13,0,79,10,1023,11,16,6,4,116,116,116,0,2,11.6
2020-04-05,17,10,21,4,16,14,0,70,10,1022,0.875,17,7,8,113,113,113,0,4,11.6
2020-04-06,18,10,22,5,16,15,0,67,10,1026,1.875,18,8,8,116,113,113,0,4,11.6
2020-04-07,19,13,10,8,17,18,0,72,10,1028,5.875,21,10,13,113,113,116,0,5,11.6
2020-04-08,20,13,9,8,18,17,0,70,10,1027,6.5,20,9,12,116,116,116,0,5,11.6
2020-04-09,20,14,12,10,19,18,0,73,10,1025,5.875,20,11,14,116,116,116,0,5,11.6
2020-04-10,21,13,9,9,18,19,0,71,10,1023,3.75,23,11,13,116,116,113,0,5,11.6
2020-04-11,22,15,4,10,20,20,0,75,10,1022,4.25,24,12,15,116,113,116,0,5,11.6
2020-04-12,19,13,14,9,18,17,1.6,79,9.875,1021,48.75,19,12,12,176,116,176,0,5,10.4
2020-04-13,20,13,15,8,18,18,0.2,70,9.875,1016,31.75,20,10,13,116,116,116,0,5,11.6
2020-04-14,12,6,27,3,10,10,0,60,10,1022,2.5,12,3,2,113,113,116,0,3,11.6
2020-04-15,17,7,10,2,13,15,0,70,10,1022,0,17,10,5,113,113,113,0,4,11.6
2020-04-16,19,13,17,8,17,17,0,68,10,1020,15.125,19,10,11,116,116,116,0,5,11.6
2020-04-17,19,13,18,8,18,17,0,69,10,1018,49.75,19,11,11,116,116,122,0,5,9.3
2020-04-18,20,14,9,10,18,17,3.1,81,9.875,1017,72.125,20,14,14,116,116,353,0,4,8.1
2020-04-19,20,15,18,11,19,18,3.8,84,8.5,1016,57.125,20,14,15,143,116,176,0,4,9.3
2020-04-20,17,14,24,12,16,15,1.7,85,9.875,1010,51.25,17,12,12,353,116,116,0,4,11.6
2020-04-21,18,13,18,10,17,16,0,81,10,1008,37,18,13,11,116,119,116,0,5,10.4
2020-04-22,19,12,12,9,16,17,0,83,10,1014,31.375,19,14,12,116,119,116,0,4,10.5
2020-04-23,21,15,5,10,19,19,0.9,78,9.875,1018,26.5,21,14,15,116,116,176,0,5,10.5
2020-04-24,21,16,6,12,20,18,1.9,74,9.625,1017,41.875,23,13,16,116,116,176,0,5,9.3
2020-04-25,20,15,14,12,19,17,6.8,83,9.5,1013,48,20,14,15,116,116,353,0,5,8.2
2020-04-26,19,14,10,10,18,16,2,72,9.75,1010,53.375,19,11,14,116,116,176,0,4,9.3
2020-04-27,20,14,11,9,18,17,2.3,78,10,1012,26.875,20,13,14,116,116,116,0,5,10.5
2020-04-28,16,13,14,12,15,14,12.1,86,8.25,1010,90.375,16,11,12,302,266,353,0,3,7.1
2020-04-29,16,10,18,9,13,14,8.3,93,8.625,1012,85,16,11,7,353,176,353,0,3,9.4
2020-04-30,11,9,21,10,11,9,15,93,7.625,1011,86.875,11,10,8,299,296,176,0,3,7.1
2020-05-01,13,8,30,8,9,13,5.5,94,9.25,1011,79,13,11,5,353,296,353,0,3,7.1
2020-05-02,13,9,21,9,12,13,2.9,94,9,1016,80.25,13,11,7,143,176,353,0,3,7.2
2020-05-03,14,8,11,8,14,11,0.3,95,10,1019,67.625,14,13,8,116,116,176,0,3,9.4
2020-05-04,19,12,12,12,18,18,1.6,95,7.5,1019,75.75,19,15,12,143,176,176,0,4,7.2
2020-05-05,17,12,9,12,17,16,10.4,99,9.125,1018,81.5,17,15,12,302,176,353,0,5,7.2
2020-05-06,17,11,14,11,17,16,2.4,94,8.75,1022,63.125,17,13,10,143,116,176,0,4,8.3
2020-05-07,19,7,14,7,17,17,0,78,10,1024,6.5,19,11,4,113,113,116,0,4,14.5
2020-05-08,22,12,12,12,20,21,0,88,10,1020,22.25,25,16,12,116,116,116,0,5,14.5
2020-05-09,22,12,11,12,20,20,2.8,92,9.5,1014,55.5,25,15,11,176,116,116,0,5,12.4
2020-05-10,21,12,18,12,20,19,1.6,93,9.5,1008,61.625,23,16,11,176,119,176,0,4,13.5
2020-05-11,15,2,27,13,10,5,64.6,97,7.125,1012,96.25,15,15,1,296,308,296,0,3,9.4
2020-05-12,13,4,26,4,11,12,0,76,10,1017,44.75,13,8,-1,122,116,116,0,3,14.5
2020-05-13,10,7,13,7,10,10,25.1,98,7.875,1013,72.75,10,10,5,116,296,302,0,3,9.4
2020-05-14,15,8,24,8,13,14,0.9,96,7.625,1011,85,15,11,5,119,176,116,0,3,9.4
2020-05-15,15,8,23,8,12,14,0.3,85,9.875,1019,54.625,15,11,4,116,116,119,0,3,13.5
2020-05-16,17,9,20,9,15,16,0.1,87,10,1022,49.625,17,13,7,119,116,116,0,4,13.5
2020-05-17,19,9,16,9,18,18,0,87,10,1023,7,19,15,6,116,116,116,0,5,14.5
2020-05-18,20,10,18,10,19,18,0,89,10,1025,11.5,20,15,9,116,116,116,0,5,15.1
2020-05-19,21,13,24,13,21,18,0,91,10,1023,12,23,16,11,116,116,116,0,5,15.6
2020-05-20,23,14,20,14,21,21,0,90,10,1021,8,25,17,13,116,116,116,0,5,15.6
2020-05-21,24,14,11,14,22,22,0,91,9,1021,4.25,26,19,14,116,116,116,0,6,15.6
2020-05-22,25,15,11,15,24,24,1.2,90,9.75,1023,49.75,27,21,15,116,119,176,0,6,13.6
2020-05-23,17,10,19,16,11,13,10.1,97,7.5,1033,86.5,18,16,9,353,266,293,0,3,11.7
2020-05-24,17,9,14,9,16,16,0.9,93,8.5,1033,56.125,17,11,9,143,176,176,0,3,14.6
2020-05-25,19,10,22,10,18,18,0,92,9,1033,12.375,19,14,8,116,116,116,0,5,15.7
2020-05-26,19,11,24,11,18,17,0,87,10,1032,8.625,19,13,9,113,116,116,0,5,15.7
2020-05-27,20,11,18,11,18,19,0,82,10,1031,7.75,20,14,8,116,116,116,0,5,15.7
2020-05-28,21,13,18,13,20,19,0.8,85,10,1031,23.625,24,15,12,116,116,176,0,5,15.8
2020-05-29,20,11,25,11,18,18,0,75,10,1025,3.125,20,13,8,113,116,116,0,5,15.8
2020-05-30,20,10,22,10,18,18,0,82,10,1020,5,20,13,8,113,113,116,0,5,15.8
2020-05-31,20,10,20,10,18,18,0,80,10,1018,4.75,20,13,8,113,113,116,0,5,15.8
2020-06-01,22,10,12,10,20,20,0,85,10,1018,5.5,25,16,9,116,116,116,0,5,15.8
2020-06-02,24,13,10,13,22,22,0.1,90,10,1018,19.5,25,17,13,116,116,116,0,6,15.8
2020-06-03,22,15,13,15,22,20,14.8,91,8.5,1012,78,25,17,15,176,176,356,0,5,11.9
2020-06-04,18,12,19,14,17,16,10,95,9.375,1001,71.625,18,13,11,353,353,176,0,4,12.8
2020-06-05,12,8,27,10,12,10,1.4,95,8,1006,87.5,13,12,8,143,176,266,0,3,12.8
2020-06-06,15,13,20,13,14,15,3.4,95,7.75,1008,91.25,15,13,11,266,266,119,0,3,11.9
2020-06-07,17,11,12,11,16,17,3.9,92,8.875,1012,67.125,17,12,10,263,176,176,0,3,14.7
2020-06-08,17,10,19,10,17,16,3.5,91,9.5,1014,55.75,17,13,9,116,176,176,0,4,14.7
2020-06-09,14,8,16,10,14,12,6.1,96,8.375,1016,80.875,14,12,8,143,119,353,0,3,11.9
2020-06-10,15,11,18,11,14,15,1.5,96,6,1016,71.625,15,13,10,143,266,353,0,3,13.8
2020-06-11,19,11,10,11,18,18,1.8,92,9.75,1013,63.25,19,16,11,116,119,176,0,4,13.8
2020-06-12,18,13,14,13,18,18,5,95,9,1008,72.375,18,16,12,176,263,176,0,4,12.9
2020-06-13,20,13,11,13,20,18,7.9,94,8.375,1015,54.5,20,16,13,143,116,353,0,4,14.7
2020-06-14,21,12,9,12,19,20,1.7,93,9,1019,62,21,14,12,143,119,176,0,4,14.7
2020-06-15,21,12,8,12,19,19,1.1,93,8.75,1020,48.25,21,15,13,143,353,176,0,4,14.7
2020-06-16,20,12,7,12,19,19,4.1,92,9.75,1020,62.625,20,16,12,116,353,176,0,4,14.7
2020-06-17,19,13,9,13,18,19,3.4,94,8.75,1015,77.25,19,15,12,143,176,176,0,4,12.9
2020-06-18,19,11,10,11,16,18,0.3,93,8.875,1016,58,19,14,10,143,122,116,0,4,16
2020-06-19,20,12,9,12,18,19,3.3,93,8.625,1021,74.75,20,14,12,143,353,176,0,4,12
2020-06-20,21,13,10,13,20,19,2.3,91,9.625,1022,57.375,23,16,13,116,116,176,0,4,14.7
2020-06-21,22,14,12,14,21,21,0.4,89,9.875,1024,44.625,25,16,14,116,116,176,0,4,16
2020-06-22,21,15,15,15,20,20,0,87,9,1026,38.625,23,15,14,122,116,113,0,5,16
2020-06-23,25,14,19,14,23,24,0,86,10,1024,1,26,19,13,113,113,113,0,6,16
2020-06-24,26,15,13,15,24,25,0,91,10,1020,7.5,28,20,15,116,116,116,0,6,16
2020-06-25,28,17,9,17,25,28,5.1,90,9.625,1017,60.125,30,21,17,176,116,176,0,6,13.8
2020-06-26,26,18,14,18,24,26,17.2,93,8.375,1014,62,28,20,18,299,356,299,0,5,15.6
2020-06-27,26,18,14,18,25,24,17.2,95,8.5,1015,64.75,27,20,18,353,116,176,0,5,13.8
2020-06-28,22,16,18,17,22,19,1.9,93,8.875,1018,62.125,23,16,16,143,176,116,0,4,15.6
2020-06-29,23,16,18,16,21,20,21.1,96,9,1018,67,25,15,16,302,176,176,0,5,13.8
2020-06-30,24,13,11,13,22,23,0,86,10,1018,35.75,25,17,12,116,116,116,0,6,15.9
2020-07-01,27,17,12,17,26,24,5,88,9.5,1014,35.375,28,20,17,116,116,353,0,6,15.6
2020-07-02,22,17,17,17,21,20,1.7,88,9.875,1018,60.5,25,16,17,119,116,119,0,4,15.6
2020-07-03,20,14,15,14,20,20,2.1,88,9.625,1022,52.5,20,14,14,116,353,176,0,5,14.7
2020-07-04,23,14,10,14,21,22,0,88,10,1022,23.625,25,14,14,116,116,116,0,6,15.9
2020-07-05,24,17,16,17,23,24,0.6,93,8,1022,52.875,26,18,17,266,122,113,0,6,15.6
2020-07-06,19,16,19,16,19,18,0,90,8,1024,31.25,19,16,16,143,116,113,0,5,15.9
2020-07-07,22,11,13,11,21,20,0,83,10,1024,6,24,13,10,113,113,116,0,5,15.9
2020-07-08,26,15,10,15,25,24,0,84,10,1020,5,26,16,15,116,116,116,0,6,15.8
2020-07-09,29,19,9,19,27,27,0.1,88,10,1019,20.875,30,19,19,116,116,116,0,7,15.8
2020-07-10,24,19,21,19,24,21,0,83,10,1019,22.5,25,16,19,116,116,116,0,6,15.8
2020-07-11,21,14,20,14,21,20,0.3,88,10,1024,35.375,24,12,13,116,176,113,0,4,15.8
2020-07-12,24,12,19,12,22,22,0,75,10,1024,1.875,25,12,11,116,113,113,0,6,15.8
2020-07-13,25,15,17,15,24,23,0,76,10,1022,7.5,25,12,14,116,116,116,0,6,15.8
2020-07-14,24,17,12,17,24,21,4.7,73,9.375,1019,52,25,16,17,116,116,176,0,6,14.6
2020-07-15,17,15,9,15,16,17,4.4,92,9,1019,89.125,17,15,15,353,266,353,0,4,11.8
2020-07-16,19,15,14,15,18,19,0.3,84,10,1021,76.75,19,14,15,116,176,176,0,4,12.5
2020-07-17,22,15,19,15,21,21,0.7,91,9.25,1021,73.5,25,14,15,122,119,176,0,4,10.6
2020-07-18,25,15,15,15,23,23,0.1,87,10,1021,31.875,26,15,15,116,116,116,0,6,13.5
2020-07-19,27,16,8,16,25,25,0,85,10,1018,12.125,27,15,16,116,116,116,0,6,14.5
2020-07-20,29,18,5,18,27,26,0.1,80,10,1018,18.875,29,16,18,116,116,116,0,7,14.5
2020-07-21,26,18,13,18,25,25,0,87,10,1021,41.625,27,16,18,119,116,116,0,6,14.5
2020-07-22,27,17,13,17,26,25,0,69,10,1021,31.25,27,14,17,116,116,116,0,6,14.5
2020-07-23,27,17,11,17,25,24,0,65,10,1020,21.25,26,13,17,116,116,116,0,6,14.5
2020-07-24,25,17,14,17,25,24,5.5,81,9.125,1016,73.25,26,14,17,353,176,176,0,6,10.5
2020-07-25,27,17,7,17,25,26,0,82,10,1016,31.625,27,14,17,116,116,116,0,6,14.5
2020-07-26,25,17,17,17,23,25,3.3,91,9.625,1018,68.125,26,16,17,176,353,353,0,6,10.5
2020-07-27,32,17,22,17,28,30,0,73,10,1018,7,31,14,17,116,116,116,0,7,14.5
2020-07-28,25,19,18,19,24,23,0,79,10,1019,29.5,26,16,19,116,116,116,0,6,12.5
2020-07-29,28,15,10,15,25,26,0,79,10,1021,4.875,27,12,15,116,116,116,0,6,14.5
2020-07-30,32,16,12,16,29,30,0,71,10,1020,4.25,32,16,16,113,116,116,0,7,14.5
2020-07-31,36,20,10,20,32,34,0.4,78,9.875,1017,11.75,36,17,20,116,116,116,0,8,14.5
2020-08-01,33,23,15,23,32,30,3,66,9.625,1017,35.375,34,18,23,116,116,116,0,6,12.4
2020-08-02,23,19,13,19,22,22,17.9,92,8.375,1017,74.875,25,18,19,356,353,353,0,5,10.4
2020-08-03,21,17,20,17,19,20,0.8,69,9.75,1016,57.875,23,11,17,116,116,176,0,5,10.3
2020-08-04,23,12,18,12,22,22,1,88,9.875,1018,41.75,25,11,10,116,116,116,0,4,14.5
2020-08-05,26,13,17,13,24,24,0,80,10,1018,1.875,26,11,13,116,113,113,0,6,14.5
2020-08-06,29,15,12,15,27,26,0,79,10,1019,9.375,28,14,15,113,113,116,0,6,14.5
2020-08-07,31,17,9,17,28,29,0,89,10,1019,1.125,31,17,17,116,113,116,0,7,14.5
2020-08-08,33,21,8,21,30,30,0,84,10,1020,1,33,18,21,113,113,116,0,7,14.5
2020-08-09,34,21,11,21,32,32,0,72,10,1018,4.25,34,16,21,116,116,116,0,7,14.5
2020-08-10,34,21,10,21,31,31,1.1,69,9.875,1015,34,34,17,21,116,116,116,0,7,10.5
2020-08-11,33,20,9,20,30,31,9.1,87,9.125,1016,62.625,34,18,20,176,176,116,0,6,9.4
2020-08-12,33,20,19,20,30,30,0.8,82,10,1015,28.625,33,18,20,176,116,116,0,6,11.6
2020-08-13,31,19,13,19,28,30,0.6,77,9.375,1015,39,32,16,19,116,176,116,0,6,11.6
2020-08-14,25,18,10,18,22,24,7.3,93,8.125,1017,66.25,26,17,18,143,353,353,0,5,8.2
2020-08-15,29,18,4,18,28,27,0,84,10,1016,16.125,29,16,18,116,116,116,0,6,11.6
2020-08-16,25,19,11,19,24,23,2.6,81,9.75,1012,49.25,26,17,19,116,176,386,0,6,9.3
2020-08-17,25,15,14,15,23,24,0.8,87,9.875,1014,41.375,25,14,15,116,116,116,0,5,10.5
2020-08-18,24,16,13,16,23,22,5.4,83,9.75,1014,62.375,25,17,16,116,116,176,0,6,8.2
2020-08-19,27,17,10,17,26,24,0.9,88,9.875,1014,43,27,15,17,116,116,116,0,5,10.5
2020-08-20,34,17,24,17,30,33,0.3,76,10,1009,21.375,34,15,17,116,116,116,0,6,11.6
2020-08-21,33,22,17,22,31,31,4.6,55,9.875,1016,28.875,32,18,22,116,116,116,0,7,11.6
2020-08-22,26,18,16,18,24,23,18.7,95,9,1022,50.75,26,18,18,293,176,116,0,5,10.4
2020-08-23,23,15,18,15,21,21,0,82,10,1023,27.875,24,12,15,116,119,116,0,5,11.6
2020-08-24,24,15,14,15,23,22,0,70,10,1021,27.5,25,10,15,116,116,116,0,6,11.6
2020-08-25,29,14,22,14,25,26,0,71,10,1017,25.5,27,10,14,116,116,116,0,6,11.6
2020-08-26,25,17,21,17,23,22,0.1,80,10,1021,19.25,25,15,17,176,116,116,0,6,11.6
2020-08-27,25,14,12,14,23,23,0,82,10,1021,24.125,26,12,15,116,116,116,0,6,11.6
2020-08-28,19,17,19,17,19,17,14.9,93,9.25,1012,69.5,19,16,17,353,299,176,0,5,6.9
2020-08-29,20,12,10,12,19,17,0.5,94,9,1008,46.5,20,12,11,143,116,353,0,4,10.4
2020-08-30,18,13,15,13,17,17,1.9,85,9.875,1016,61.875,18,11,11,116,353,353,0,4,6.8
2020-08-31,20,12,17,12,17,17,1.5,93,8.75,1019,73.25,20,12,12,143,353,116,0,4,9.2
2020-09-01,19,11,12,11,17,17,1.3,94,8.75,1019,70.5,19,12,10,143,176,176,0,5,6.8
2020-09-02,22,10,8,10,21,19,0.7,91,9.875,1020,49.5,24,10,9,116,116,353,0,4,9.1
2020-09-03,24,13,5,13,21,23,0,79,10,1025,19.625,25,9,13,116,116,116,0,5,11.6
2020-09-04,28,15,12,15,25,26,0,68,10,1025,6.5,29,12,15,116,116,116,0,6,11.6
2020-09-05,25,16,15,16,25,22,0,74,10,1020,15.75,26,13,16,116,116,116,0,6,11.6
2020-09-06,19,11,13,11,19,17,0,82,10,1021,38,19,10,10,116,116,119,0,4,10.3
2020-09-07,22,9,21,9,20,20,0,79,10,1025,9.875,24,8,7,116,116,116,0,5,11.6
2020-09-08,25,11,10,11,23,24,0,73,10,1028,0.125,27,9,10,113,113,113,0,6,11.6
2020-09-09,29,14,4,14,26,27,0,66,10,1026,1.875,29,9,14,113,116,116,0,6,11.6
2020-09-10,26,15,14,15,25,25,0,79,10,1022,28,27,15,15,116,116,119,0,6,11.6
2020-09-11,27,14,13,14,25,26,0,88,10,1018,29.125,28,15,14,116,116,116,0,6,11.6
2020-09-12,29,16,11,16,27,27,0,81,10,1023,6.5,30,14,16,116,116,116,0,6,11.6
2020-09-13,30,14,12,14,27,28,0,76,10,1026,0.125,29,12,13,113,113,113,0,6,11.6
2020-09-14,32,16,12,16,29,31,0,91,10,1025,4.375,33,15,16,116,116,116,0,7,11.6
2020-09-15,31,17,12,17,28,31,0,73,10,1022,20.125,32,14,17,116,116,116,0,7,11.6
2020-09-16,31,18,15,18,28,29,5.4,75,9.5,1020,62.75,32,15,18,299,176,116,0,7,7.5
2020-09-17,29,17,21,17,26,27,0.2,81,10,1020,19.375,29,14,17,116,116,116,0,5,11.6
2020-09-18,31,14,21,14,28,29,0.1,97,7.875,1019,27.25,32,15,14,143,116,116,0,6,11.6
2020-09-19,25,18,17,18,23,22,13.6,90,8.125,1017,74.625,26,17,18,296,263,356,0,5,7.5
2020-09-20,27,16,11,16,24,25,1.6,89,9.5,1015,56.875,27,15,16,116,176,200,0,5,7.5
2020-09-21,26,14,8,14,23,24,0,83,10,1016,27.375,26,13,14,116,116,116,0,6,11.6
2020-09-22,26,13,9,13,24,24,0.1,85,9.875,1014,22.625,25,13,13,116,116,116,0,6,11.6
2020-09-23,23,14,16,14,22,19,4,93,9.5,1011,63.625,25,14,14,353,176,176,0,4,7.4
2020-09-24,17,13,20,13,17,15,3.8,95,8.875,1010,63.25,17,13,12,176,293,293,0,4,7.4
2020-09-25,13,8,29,8,13,10,4,88,9.75,1009,75.75,13,10,5,176,353,353,0,3,6
2020-09-26,13,7,25,7,12,10,0.5,88,9.875,1011,60.125,13,5,4,116,176,176,0,4,6
2020-09-27,9,7,32,8,8,7,46.4,94,7.25,1009,89.375,9,7,3,296,302,308,0,3,6
2020-09-28,13,8,5,8,13,11,13.2,93,9,1017,82.75,13,11,7,119,116,296,0,3,7.4
2020-09-29,17,10,9,10,16,15,2.6,95,8.875,1021,71.75,17,12,9,176,116,119,0,3,8.8
2020-09-30,19,10,6,10,17,18,0,95,9,1019,41.625,20,11,10,122,116,116,0,5,11.6
2020-10-01,15,10,23,10,14,13,1.4,96,6.375,1010,61.875,15,11,9,248,266,176,0,4,7.3
2020-10-02,13,11,18,11,12,11,66.4,97,4.25,1001,86.875,13,12,9,266,308,308,0,4,5.9
2020-10-03,12,8,40,8,12,11,14.9,96,5.875,994,95.875,12,8,5,302,266,353,0,3,5.9
2020-10-04,12,8,31,8,12,10,17.3,87,9.25,1002,73.875,12,9,4,296,116,353,0,3,7.3
2020-10-05,11,8,27,8,11,9,5.9,88,9.375,1011,87.25,11,10,4,116,176,296,0,3,5.8
2020-10-06,14,10,32,10,13,12,5.2,91,6.5,1013,85,14,12,6,296,266,293,0,3,5.8
2020-10-07,15,9,18,9,13,12,1.3,94,9.5,1023,72.625,15,10,7,176,176,176,0,3,5.8
2020-10-08,17,9,16,9,15,14,0,94,8,1024,56.5,17,12,7,143,119,116,0,4,8.7
2020-10-09,18,10,11,10,17,15,0,94,8,1023,30.375,18,13,9,143,116,116,0,5,11.5
2020-10-10,14,10,14,10,13,10,2.5,92,7.625,1025,70.75,14,11,9,266,122,176,0,4,7.2
2020-10-11,10,5,10,5,8,8,2.5,90,8.875,1025,70.125,10,7,4,119,266,176,0,3,4.1
2020-10-12,11,4,9,4,10,8,0.1,96,7,1024,58.875,11,6,2,143,116,176,0,3,4.1
2020-10-13,10,4,9,4,10,9,1.2,92,7.375,1019,79.625,10,6,3,122,122,266,0,3,4.1
2020-10-14,12,7,20,7,11,9,1.2,96,6.375,1014,65.875,12,7,5,248,122,116,0,2,5.6
2020-10-15,9,5,22,5,9,9,0.8,93,10,1016,78.25,9,7,2,116,122,353,0,3,4.1
2020-10-16,12,8,19,8,12,9,1.5,89,9.375,1020,83.375,12,8,5,122,122,353,0,3,3.9
2020-10-17,11,5,13,5,11,9,0,95,6.625,1022,61.375,11,5,2,143,116,119,0,2,7.1
2020-10-18,11,4,10,4,11,8,0,87,10,1025,42.125,11,4,2,119,116,116,0,2,8.7
2020-10-19,12,4,11,4,11,10,0,84,10,1025,18.875,12,6,4,116,116,122,0,3,7.1
2020-10-20,16,11,32,11,16,15,0,78,10,1017,35.5,17,9,8,116,116,119,0,4,8.7
2020-10-21,20,16,41,16,19,17,0,57,10,1014,27.375,20,11,16,116,116,116,0,4,8.7
2020-10-22,19,13,24,13,19,16,0,75,10,1016,56.375,19,12,12,116,116,116,0,5,5.5
2020-10-23,17,13,21,13,16,14,28.2,93,6.625,1018,85.25,17,14,12,176,302,356,0,4,3.8
2020-10-24,16,10,15,10,15,13,0.7,95,7.75,1020,59,16,11,8,143,119,116,0,3,5.5
2020-10-25,16,9,28,9,16,12,1.3,92,8.375,1015,50.625,16,10,6,116,116,266,0,4,7.1
2020-10-26,12,9,17,9,11,9,15.9,95,8.5,1012,69.375,12,10,6,302,176,176,0,3,7.1
2020-10-27,11,7,22,7,11,10,0.5,92,8.375,1014,72.25,11,7,4,116,119,176,0,2,3.8
2020-10-28,14,10,22,10,14,12,1.4,93,8,1019,81.375,14,10,7,266,263,353,0,3,5.4
2020-10-29,12,10,17,10,12,11,2.4,92,8.125,1026,96.125,12,10,8,296,122,176,0,3,3.8
2020-10-30,16,11,9,11,15,13,0,94,9.625,1027,51.875,16,11,9,119,116,116,0,3,8.7
2020-10-31,16,8,12,8,14,13,0,96,8,1026,28.125,16,11,8,116,116,113,0,4,8.7
2020-11-01,15,12,15,13,13,15,4.5,92,8.875,1022,80.125,15,13,11,116,296,119,0,4,3.7
2020-11-02,18,14,17,14,16,16,0.3,88,9.375,1021,72.25,18,14,13,176,119,116,0,4,5.4
2020-11-03,12,11,10,11,11,10,7,94,7.625,1030,64.125,13,11,10,296,263,176,0,3,5.4
2020-11-04,9,4,21,4,9,7,0,89,10,1032,49.875,9,4,2,122,122,116,0,3,7
2020-11-05,11,3,21,3,9,8,0,88,10,1035,13.625,11,7,-1,116,116,116,0,3,8.7
2020-11-06,12,4,6,4,10,10,0,97,6.625,1032,42.25,12,8,2,248,116,116,0,3,7
2020-11-07,14,7,9,7,14,12,0,90,10,1026,22.875,14,9,6,116,116,116,0,4,8.7
2020-11-08,15,10,12,10,14,13,0,90,10,1023,51.125,15,12,9,116,116,119,0,4,7
2020-11-09,15,9,12,9,14,13,0,97,7.875,1024,47.75,15,12,8,143,116,116,0,3,7
2020-11-10,15,9,3,9,15,12,0.4,93,8.875,1027,37.5,15,11,9,116,116,176,0,4,8.7
2020-11-11,13,8,4,8,12,11,0,96,7.375,1027,65,13,10,8,143,119,119,0,4,3.6
2020-11-12,13,9,15,9,12,10,0.1,91,8.5,1023,73,13,9,6,116,119,176,0,3,3.6
2020-11-13,13,8,15,8,13,12,0,93,10,1022,60,13,10,7,116,116,119,0,3,5.3
2020-11-14,15,8,18,8,14,12,0,97,7.875,1022,41.625,15,11,6,143,116,116,0,4,7
2020-11-15,16,10,33,10,15,15,3.9,94,9.625,1018,46.5,16,11,8,116,116,119,0,4,7
2020-11-16,11,8,17,8,11,9,2.1,87,9.875,1027,41.625,11,7,5,116,176,176,0,3,8.7
2020-11-17,11,7,5,7,11,10,0,89,10,1030,31.25,11,8,6,119,116,116,0,3,8.7
2020-11-18,12,5,13,5,10,10,0,96,8,1029,11.875,12,7,4,143,116,116,0,3,8.7
2020-11-19,10,7,18,10,10,9,0.9,91,9,1033,76.75,10,9,7,116,176,176,0,3,5.3
2020-11-20,7,5,19,5,7,4,0,90,10,1036,22.625,7,4,2,116,113,116,0,2,8.7
2020-11-21,7,0,12,0,5,5,0,88,10,1036,4,7,0,-3,113,116,116,0,2,8.7
2020-11-22,6,1,4,1,6,4,0,71,10,1032,35.875,6,0,1,119,116,116,0,2,8.7
2020-11-23,7,1,4,1,6,4,0,76,10,1030,38.625,7,0,-0,122,116,116,0,2,8.7
2020-11-24,6,1,7,1,5,4,0,92,10,1029,12.25,6,2,-1,116,116,116,0,2,8.7
2020-11-25,9,3,13,3,8,7,0,96,8,1020,23.375,9,6,0,143,116,116,0,3,8.7
2020-11-26,9,3,10,3,8,7,0,88,10,1022,19.5,9,4,1,116,116,116,0,3,8.5
2020-11-27,9,4,6,4,8,7,0,86,10,1021,28.625,9,4,3,116,116,116,0,3,8.5
2020-11-28,8,2,15,2,7,5,0,67,10,1017,4.75,8,1,-1,116,116,116,0,3,8.5
2020-11-29,5,0,18,-0,4,1,0,86,10,1024,21.625,5,0,-5,113,116,116,0,2,5
2020-11-30,5,-3,9,-3,4,2,0,88,10,1028,12,5,0,-7,116,116,113,0,2,8.5
2020-12-01,6,2,15,2,6,4,8.1,95,7.75,1026,91.75,6,3,-2,266,296,353,0,1,3.2
2020-12-02,3,0,13,-0,2,3,0,96,7,1018,83.25,3,2,-4,143,122,122,0,1,3.2
2020-12-03,3,2,21,2,3,2,1.3,97,7.875,1015,100,4,2,-1,317,176,266,0,1,3.2
2020-12-04,6,3,30,6,6,4,5.1,87,7.875,991,96.5,6,4,2,296,302,353,0,2,3.2
2020-12-05,5,1,10,1,4,3,0,96,8,998,57.125,5,2,-2,119,119,116,0,1,6.8
2020-12-06,4,-1,9,-1,3,2,0,96,7,1001,45,4,1,-3,143,116,116,0,2,8.4
2020-12-07,3,2,15,2,3,1,1.3,96,5.25,1003,88.75,3,2,-2,332,332,326,0.7,1,3.1
2020-12-08,4,1,9,1,4,3,3.6,94,6.5,1007,88,4,2,-1,317,119,266,0.8,1,3.1
2020-12-09,4,0,8,-0,3,2,0.1,92,8.375,1013,60.375,4,2,-3,116,119,176,0,1,3.1
2020-12-10,3,-1,8,-1,2,1,0,94,9,1011,54.375,3,0,-3,143,122,116,0,1,6.8
2020-12-11,5,4,29,4,5,5,10.3,95,7.625,1004,99,5,5,-0,266,302,200,0,1,3.1
2020-12-12,7,5,18,5,7,7,14,97,6.375,1008,98.625,7,6,2,122,302,266,0,2,3.1
2020-12-13,6,2,9,2,6,4,3.1,94,9.75,1015,44.375,6,4,1,116,116,116,0,1,8.3
2020-12-14,6,2,16,2,6,6,0,92,8.625,1014,67.75,6,4,-1,116,122,116,0,1,3.1
2020-12-15,10,9,23,9,10,9,7.7,94,9.375,1018,94.25,10,9,6,176,296,293,0,2,3.1
2020-12-16,10,7,15,7,9,9,0.8,98,5.125,1017,64.25,10,8,5,248,143,116,0,2,5
2020-12-17,10,6,9,6,10,8,0.1,94,9.375,1026,48.5,10,8,4,116,116,119,0,3,5
2020-12-18,9,5,11,5,8,8,0,96,7.375,1025,50.5,9,7,5,116,116,116,0,3,6.8
2020-12-19,11,7,23,7,11,10,0.9,91,8,1019,39.375,11,8,5,116,116,119,0,2,8.3
2020-12-20,10,8,11,8,10,7,17.9,96,8.5,1026,87.75,10,8,7,302,296,176,0,2,3.1
2020-12-21,8,4,20,4,7,6,0.1,96,8,1026,73.875,9,7,2,143,119,176,0,3,3.1
2020-12-22,12,10,24,10,11,10,0.1,92,10,1024,84.5,12,10,7,122,176,119,0,3,3.1
2020-12-23,12,8,22,8,11,11,0,93,10,1022,77.75,12,9,6,116,122,122,0,4,3.1
2020-12-24,9,7,32,7,7,5,10.6,91,8.5,1020,87.625,9,6,2,116,296,302,0,2,3.1
2020-12-25,4,1,21,1,4,2,0.3,91,9.25,1027,52.625,4,1,-3,116,122,371,0,1,3.1
2020-12-26,3,-1,9,-1,2,1,0,92,10,1029,45.375,3,0,-5,116,119,116,0,2,6.8
2020-12-27,4,0,40,-0,2,2,3.3,83,9.25,1021,80.125,4,1,-6,119,122,317,0,2,3.1
2020-12-28,4,3,33,3,4,1,13.6,94,7.75,982,85.5,4,3,-2,320,371,332,0.8,1,5
2020-12-29,4,2,23,3,4,3,4,89,8.625,997,89,4,2,-2,371,371,176,0.1,1,3.1
2020-12-30,3,1,9,1,3,1,0.3,96,6.5,1012,78.25,3,2,-2,143,326,329,0.1,1,3.1
2020-12-31,3,1,30,1,2,1,4.6,96,8,1011,93.125,3,3,-5,122,338,296,0.3,2,3.1
2021-01-01,2,-1,12,-1,2,1,0,91,10,1012,64.125,2,0,-3,116,119,122,0,1,5.1
2021-01-02,2,-1,19,-1,2,2,0,89,10,1013,81.125,2,0,-6,119,116,122,0,2,3.3
2021-01-03,1,-1,10,-1,1,1,1.5,93,7,1015,94.25,1,0,-4,122,338,338,0.8,1,3.3
2021-01-04,1,-1,5,-1,1,1,0,93,9.75,1013,99.625,1,0,-1,122,122,122,0,1,3.3
2021-01-05,2,-1,11,-1,1,-0,0,93,7.375,1015,86.75,2,0,-5,143,122,326,0,2,3.3
2021-01-06,2,-2,4,-2,1,1,0.7,94,7,1018,87,2,0,-2,119,326,371,0.5,1,3.3
2021-01-07,2,-1,7,-1,1,1,0.3,96,9,1018,89,2,0,-2,326,116,368,0,1,3.3
2021-01-08,1,-2,7,-2,1,0,0.1,93,9.75,1020,67.25,1,0,-3,119,326,119,0,1,3.3
2021-01-09,1,-3,23,-3,0,-1,0,91,10,1021,48.125,1,0,-8,116,119,122,0,2,6.9
2021-01-10,0,-4,23,-4,-1,-2,0,91,10,1022,24.125,0,0,-10,116,116,116,0,2,8.7
2021-01-11,1,-4,9,-4,0,-1,0,92,10,1025,13,1,0,-8,116,116,116,0,2,8.7
2021-01-12,4,1,21,1,3,3,9.8,97,9,1025,94.375,5,5,-4,122,302,296,0,1,3.3
2021-01-13,5,2,10,2,4,4,11.7,98,4.375,1022,99.25,7,6,2,143,143,302,0,1,3.3
2021-01-14,7,6,23,6,7,6,12.9,92,7.75,1023,98,7,6,2,266,296,296,0,2,3.3
2021-01-15,6,2,17,6,4,0,6.5,96,7.125,1027,87.25,6,5,-2,176,266,338,1,1,3.4
2021-01-16,1,-3,6,-3,0,0,0.8,91,9.375,1029,65.625,1,0,-5,116,116,122,0,2,6.9
2021-01-17,4,2,13,2,4,2,6.8,99,5.625,1029,80.75,4,3,-1,266,266,116,3.7,1,5.1
2021-01-18,3,-1,7,-1,3,1,0,95,6.375,1031,69,3,1,-1,143,122,116,0,1,3.4
2021-01-19,3,-1,19,-1,2,1,0,94,9,1027,29.75,3,1,-6,116,116,116,0,1,8.7
2021-01-20,9,3,37,3,9,8,0,91,10,1015,55.875,9,6,-2,116,122,116,0,3,6.9
2021-01-21,11,9,42,9,10,10,4.6,80,6.875,1003,85.25,11,7,4,266,266,176,0,2,3.4
2021-01-22,9,7,25,7,7,8,5.7,90,6.875,999,94.875,9,6,3,296,266,263,0,2,3.4
2021-01-23,5,2,20,2,4,3,1.9,95,8.25,1002,86,5,2,-2,119,122,122,0,1,3.4
2021-01-24,4,-1,14,-1,3,2,0.7,91,8.25,1006,62.375,4,0,-3,371,116,116,0.2,1,8.7
2021-01-25,2,1,19,1,2,1,2.3,90,6.5,1017,82,2,0,-3,332,371,338,1.8,1,3.4
2021-01-26,3,-2,8,-2,2,1,0.2,94,9.75,1025,57.5,3,0,-4,116,119,368,0.1,1,5.2
2021-01-27,3,-1,15,-1,2,3,0.4,88,9,1024,85.75,3,2,-5,119,122,266,0,2,3.5
2021-01-28,10,6,24,6,9,10,3.8,98,6.625,1019,99.25,10,9,2,296,266,296,0,2,3.5
2021-01-29,10,7,28,10,10,8,11.9,93,9,1011,86.75,10,9,7,302,176,176,0,2,3.5
2021-01-30,9,6,22,7,7,8,4.8,95,9.5,1011,85.5,9,7,3,122,302,353,0,3,3.5
2021-01-31,7,4,3,4,6,7,0.8,94,8.375,1002,89,7,6,4,119,122,176,0,2,3.5
2021-02-01,10,8,20,8,10,9,10.3,92,6.5,1005,95.125,10,8,5,296,266,353,0,2,3.5
2021-02-02,10,6,28,6,9,7,5.2,95,7,1010,89.875,10,9,3,122,296,266,0,3,3.5
2021-02-03,12,9,37,9,12,8,0.6,95,9,1013,68.875,12,9,7,176,266,176,0,3,3.5
2021-02-04,8,6,4,6,8,7,6.8,94,7.625,1015,79.875,8,7,5,116,122,302,0,3,3.5
2021-02-05,11,8,4,8,10,9,7.5,97,5.75,1014,94.625,11,9,8,266,266,266,0,2,3.6
2021-02-06,10,7,7,7,9,10,0.6,91,6.625,1009,75,10,7,6,143,119,263,0,2,3.7
2021-02-07,9,6,20,8,6,5,3,88,8,1002,76.75,9,7,3,296,263,176,0,2,3.7
2021-02-08,5,2,15,2,5,5,2.1,90,8.25,1000,86.25,5,5,-1,119,323,266,0.1,1,3.7
2021-02-09,4,-1,8,-1,2,3,2.5,89,7.125,1003,87.25,4,1,-4,338,116,122,1.4,1,5.4
2021-02-10,4,0,18,4,2,-3,6.9,96,7.75,1018,90.125,4,3,-5,296,176,332,0.5,1,3.8
2021-02-11,-2,-6,26,-6,-3,-4,0,83,10,1026,26.375,0,0,-13,119,116,116,0,2,8.7
2021-02-12,-4,-6,22,-6,-4,-4,4,78,7,1024,80.125,0,0,-12,119,122,338,2.4,2,3.8
2021-02-13,-3,-8,33,-8,-4,-4,0,67,10,1034,5.625,0,0,-17,116,113,116,0,2,10.5
2021-02-14,2,-7,12,-7,-1,1,0,72,10,1035,41,2,0,-12,116,116,122,0,1,8.4
2021-02-15,6,0,25,-0,4,4,0,68,10,1034,49.25,6,1,-6,116,116,116,0,2,10.6
2021-02-16,9,2,26,2,7,7,0.5,95,9.625,1029,53.875,9,6,-3,119,119,116,0,2,10
2021-02-17,10,5,10,5,9,7,1.6,95,7.75,1024,45.5,10,6,2,143,116,116,0,2,10.7
2021-02-18,13,3,31,3,11,11,0.1,94,10,1020,39.375,13,7,1,116,116,116,0,3,10
2021-02-19,13,6,18,6,11,10,0.7,93,9.375,1018,52.375,13,8,4,263,116,116,0,2,10.7
2021-02-20,14,6,32,6,12,12,0,91,10,1018,6.25,14,6,3,116,113,116,0,4,10.7
2021-02-21,14,6,23,6,12,13,0,82,10,1017,3.375,15,4,3,113,113,113,0,4,10.8
2021-02-22,12,5,10,5,10,10,0,80,10,1024,65,12,4,3,116,122,116,0,3,5.4
2021-02-23,15,7,6,7,13,12,0,94,9,1033,36.125,15,9,6,116,119,116,0,4,10.1
2021-02-24,16,7,15,7,13,14,0,96,8,1035,13,16,10,6,143,116,113,0,4,10.9
2021-02-25,15,6,17,6,13,12,0,90,10,1030,0.5,15,8,4,113,113,113,0,4,10.9
2021-02-26,12,7,8,7,12,9,3.5,85,9.625,1032,69.5,12,8,7,116,122,296,0,3,5.5
2021-02-27,10,5,27,5,9,7,2.3,86,9.875,1032,36.25,10,6,1,122,116,113,0,2,11
2021-02-28,10,2,21,2,8,7,0,84,10,1032,6.25,10,4,-3,113,116,116,0,3,11
2021-03-01,12,1,9,1,9,10,0,92,10,1030,7.375,12,6,-0,113,116,116,0,3,11.1
2021-03-02,14,4,12,4,12,14,0,92,10,1030,18.125,16,6,3,116,116,116,0,4,11.1
2021-03-03,14,4,10,4,12,12,0,82,10,1031,13,14,6,1,116,116,116,0,3,11.1
2021-03-04,13,6,6,6,11,10,3.4,78,9.875,1026,64.125,13,8,4,122,353,299,0,3,5.6
2021-03-05,7,5,20,5,6,5,0.6,93,9,1026,72.125,7,5,3,143,122,353,0,2,5.6
2021-03-06,8,-1,23,-1,6,5,0,84,10,1027,11.75,8,2,-6,116,116,116,0,2,11.2
2021-03-07,11,0,6,0,9,9,0.2,82,10,1026,37,11,5,-0,116,119,176,0,3,10.1
2021-03-08,10,1,13,1,8,7,0,84,10,1021,22.75,10,2,-2,116,116,113,0,3,11.3
2021-03-09,9,0,13,0,7,7,0,74,10,1023,20.375,9,1,-3,116,116,116,0,3,11.3
2021-03-10,10,2,6,2,8,7,0,90,10,1024,48.75,10,3,1,122,116,116,0,3,11.4
2021-03-11,11,7,32,7,10,9,8.2,88,8.375,1018,72.5,11,9,2,266,116,302,0,2,7.2
2021-03-12,10,3,20,3,9,8,0.4,95,9.875,1019,54.125,10,4,-1,176,116,176,0,2,8.8
2021-03-13,8,6,38,6,8,6,9.4,87,9.125,1017,95.875,8,6,1,122,176,302,0,2,5.9
2021-03-14,7,2,24,2,6,6,2.2,89,9.5,1022,82.25,7,2,-2,371,122,176,0.1,1,5.9
2021-03-15,8,3,24,3,6,6,12.3,94,9.125,1023,75.375,8,5,-1,119,302,353,0,2,6
2021-03-16,7,0,13,-0,6,5,0.3,94,9,1029,61.5,7,1,-3,116,119,176,0,2,7.4
2021-03-17,8,5,24,5,7,6,5.2,92,8.5,1027,81.75,8,5,-0,353,266,353,0,2,6
2021-03-18,6,-1,14,-1,5,4,0.7,92,9,1026,77.375,6,1,-5,116,122,176,0,1,6
2021-03-19,7,-1,25,-1,6,4,2.2,93,9,1021,62.75,7,1,-5,143,122,353,0,1,6
2021-03-20,6,-1,28,-1,5,3,0,79,10,1026,6.875,6,0,-7,116,116,116,0,2,11.6
2021-03-21,9,-2,21,-2,8,6,0,64,9.375,1027,35,9,3,-6,116,116,119,0,2,8.8
2021-03-22,7,-1,27,-1,7,5,0,93,10,1025,11.375,7,1,-5,116,116,116,0,2,11.6
2021-03-23,10,-1,12,-1,8,9,0,91,10,1026,27.25,10,3,-5,116,116,116,0,3,11.6
2021-03-24,14,1,6,1,11,11,0,92,10,1026,14.875,14,5,-1,116,116,116,0,3,11.6
2021-03-25,11,5,10,5,11,9,0.2,89,10,1022,62,11,6,4,116,122,176,0,2,6.3
2021-03-26,14,3,21,3,12,11,0.1,94,9,1024,44.25,14,6,1,116,116,176,0,3,10.3
2021-03-27,12,3,6,3,11,9,0,93,10,1030,16.625,12,4,3,116,116,116,0,3,11.6
2021-03-28,18,5,21,5,16,15,0,95,9,1027,8.25,18,11,2,116,116,116,0,4,11.6
2021-03-29,16,5,9,5,14,14,0,82,10,1034,7.75,16,7,4,116,116,116,0,4,11.6
2021-03-30,18,7,6,7,16,16,0,83,10,1033,5.375,19,9,7,116,116,116,0,4,11.6
2021-03-31,20,8,16,8,17,17,0,88,10,1027,2,20,10,8,116,116,113,0,4,11.6
2021-04-01,21,8,8,8,17,20,0,81,10,1022,0,23,11,8,113,113,113,0,5,11.6
2021-04-02,17,9,21,9,16,15,0,93,10,1020,12,17,10,7,113,116,116,0,4,11.6
2021-04-03,11,3,32,3,9,9,0,80,10,1023,3.5,11,1,-2,113,116,113,0,3,11.6
2021-04-04,13,2,19,2,11,10,0,65,10,1023,3.875,13,3,-1,116,113,113,0,3,11.6
2021-04-05,13,4,26,4,12,11,1,86,9.375,1019,57.875,13,4,2,113,122,116,0,3,7.8
2021-04-06,5,-3,18,-3,4,3,0.9,85,8.5,1020,74,5,0,-7,116,368,122,0.5,1,6.5
2021-04-07,7,-3,14,-3,5,4,0.1,74,9.75,1029,22.875,7,0,-7,116,116,116,0.1,1,11.6
2021-04-08,11,-1,10,-1,9,8,0,72,10,1028,7.75,11,2,-2,116,116,116,0,3,11.6
2021-04-09,15,3,24,3,13,13,0.3,83,9.875,1022,41.5,15,8,-1,116,116,176,0,4,10.3
2021-04-10,13,7,27,7,13,10,1.8,80,8.75,1016,82.25,13,9,3,116,119,296,0,3,6.6
2021-04-11,13,8,21,8,13,9,22.8,91,8.625,1016,76.75,13,10,6,116,122,302,0,3,6.8
2021-04-12,8,2,23,2,7,5,5.8,92,8.125,1030,69.75,8,2,-3,371,176,116,1.5,1,9.2
2021-04-13,9,0,21,0,8,6,0.1,85,10,1030,29.25,9,0,-3,116,116,116,0,3,11.6
2021-04-14,10,-1,20,-1,9,7,0,70,10,1030,20.125,10,0,-5,116,116,116,0,3,11.6
2021-04-15,10,-1,17,-1,9,7,0,80,10,1027,20.75,10,0,-4,116,116,116,0,3,11.6
2021-04-16,10,0,24,-0,8,7,0,72,10,1023,11,10,0,-5,116,113,116,0,3,11.6
2021-04-17,9,0,22,0,8,8,0.2,93,10,1023,58,9,3,-4,116,119,176,0,3,6.9
2021-04-18,11,4,14,4,10,9,1.4,82,10,1022,70.125,11,5,2,119,116,353,0,3,6.9
2021-04-19,12,3,12,3,12,10,3.8,91,9.75,1021,57.625,12,6,1,116,119,353,0,3,8.1
2021-04-20,14,4,11,4,13,12,2.6,93,8.75,1018,49,14,8,2,143,116,176,0,4,9.3
2021-04-21,16,6,9,6,14,13,1,91,9.75,1017,31.75,16,8,5,116,116,176,0,4,10.4
2021-04-22,14,6,19,6,12,12,0.1,93,9,1021,47.375,14,8,6,143,116,119,0,4,9.3
2021-04-23,15,3,24,3,13,14,0,73,10,1025,0,16,5,-1,113,113,113,0,4,11.6
2021-04-24,18,4,8,4,16,15,0,84,10,1024,1.5,18,9,2,113,113,116,0,4,11.6
2021-04-25,18,7,17,7,16,16,0,82,10,1020,10.375,18,11,4,116,116,116,0,4,11.6
2021-04-26,16,7,25,7,14,14,0,70,10,1017,19.625,16,9,4,116,116,116,0,4,11.6
2021-04-27,15,7,13,7,14,13,5.2,78,9.625,1008,51.125,15,11,6,116,119,353,0,4,8.2
2021-04-28,17,9,6,9,16,16,1,85,10,1006,43.875,18,10,8,119,116,116,0,4,11.6
2021-04-29,15,8,7,8,14,13,0.7,90,9.375,1011,59.5,15,8,8,116,116,176,0,3,8.2
2021-04-30,9,6,12,6,8,7,18.1,95,8,1014,88.5,9,7,4,176,302,122,0,2,7.1
